,1,,,2,,,3,,,4,,,5,,,6,,,7,,,8,,,9,,,10,,,11,,,12,,,13,,,14,,,15,,,16,,,17,,,18,,,19,,,20,,,21,,
,169,204,275,169,204,275,169,204,275,169,204,275,169,204,275,169,204,275,169,204,275,169,204,275,169,204,275,169,204,275,169,204,275,169,204,275,169,204,275,169,204,275,169,204,275,169,204,275,169,204,275,169,204,275,169,204,275,169,204,275,169,204,275
0,46.38655899,37.96441625,39.64465518,46.38618334,37.9636846,39.64431006,46.38648605,37.96428733,39.64453787,46.38648605,37.96428733,39.64453787,46.38598773,37.96319746,39.64403239,46.40115701,37.97888007,39.67669519,46.40170903,37.97978925,39.67751455,46.40259958,37.98102657,39.67799415,46.40246147,37.980882,39.67769251,46.38705116,37.9648229,39.64466944,46.38683264,37.96459399,39.64418468,46.3779107,37.95568708,39.63667767,46.37777896,37.95545315,39.63667037,46.37786095,37.95552907,39.6367333,46.37766227,37.95536331,39.63678554,46.38714461,37.96509021,39.64512455,46.38732585,37.96525753,39.64526376,46.38751348,37.96555486,39.64543673,46.34822336,37.92441447,39.56033449,46.38722324,37.96511909,39.64495938,46.38726051,37.96515813,39.64504206
900,46.42318602,37.99984328,39.65809553,46.42278462,37.99908544,39.65772173,46.42311314,37.99971328,39.65797468,46.42311314,37.99971328,39.65797468,46.42258185,37.99858773,39.65743096,46.43886871,38.01543901,39.69186316,46.43946076,38.01639158,39.69273028,46.44040514,38.01768401,39.69327042,46.44025878,38.01753066,39.69296175,46.42371166,38.00028244,39.65814031,46.42347634,38.0000357,39.65763684,46.41397139,37.99052321,39.6494819,46.41383079,37.99028042,39.64946273,46.41391791,37.99036159,39.64953123,46.41370296,37.99017994,39.64956462,46.42381457,38.00056055,39.65861,46.424009,38.00074116,39.65876293,46.42421049,38.00105305,39.65895095,46.3819706,37.95682849,39.56916386,46.42389867,38.00059477,39.65844958,46.42394006,38.00063816,39.65853821
1800,46.46028918,38.03576817,39.67407675,46.45986178,38.03498381,39.67367446,46.46021664,38.03563738,39.67395288,46.46021664,38.03563738,39.67395288,46.45965214,38.03447589,39.67337144,46.47704016,38.05247608,39.70946114,46.47767227,38.05347196,39.71037522,46.47867032,38.05481931,39.71097361,46.4785141,38.0546555,39.71065427,46.46084732,38.03623874,39.67414817,46.46059386,38.03597277,39.67362298,46.45049979,38.02584956,39.66482564,46.45035097,38.02559857,39.66479663,46.45044332,38.02568507,39.6648707,46.45021264,38.02548809,39.66488753,46.46096135,38.03652944,39.67463643,46.4611692,38.03672355,39.67480315,46.4613847,38.03705017,39.67500616,46.41614282,37.98968755,39.58065807,46.46105024,38.03656825,39.67447861,46.46109581,38.03661606,39.67457325
2700,46.49774944,38.07207195,39.69218746,46.49729582,38.07126083,39.69175671,46.4976776,38.07194074,39.6920611,46.4976776,38.07194074,39.6920611,46.49707968,38.07074321,39.69144215,46.5155723,38.08989496,39.72914769,46.5162463,38.09093592,39.7301117,46.51729697,38.0923371,39.73076544,46.51713033,38.09216228,39.73043447,46.49833961,38.07257343,39.69228374,46.49806685,38.07228706,39.69173462,46.48737975,38.06154982,39.68229734,46.48722313,38.06129106,39.68225971,46.48732078,38.06138297,39.6823394,46.48707487,38.06117118,39.68234136,46.49846588,38.07287787,39.69279276,46.49868736,38.07308571,39.69297341,46.49891704,38.07342719,39.69319146,46.45070134,38.02296314,39.59451801,46.49855903,38.07292069,39.69263617,46.49860883,38.07297298,39.6927368
3600,47.39010215,39.215337,40.1912397,47.38943981,39.21457551,40.19065564,47.38996356,39.21512359,40.19100549,47.38996356,39.21512359,40.19100549,47.38877679,39.21340123,40.18985144,47.41588223,39.24111278,40.23873409,47.4171633,39.24281416,40.24042954,47.41925766,39.24509004,40.2418607,47.41898419,39.24480699,40.24136075,47.39137116,39.21651231,40.19180252,47.39088388,39.21600777,40.19090503,47.37503652,39.20002452,40.17649798,47.37474086,39.19969642,40.17639329,47.37494635,39.19989452,40.17656712,47.37441256,39.19939952,40.17638969,47.39139901,39.21660737,40.19234422,47.39183412,39.21702698,40.19271283,47.39227208,39.21759377,40.19312733,47.32038976,39.14387686,40.06377024,47.3917369,39.21702209,40.19231009,47.39183188,39.21712044,40.19248579
4500,47.45853837,39.28323348,40.23869286,47.4578567,39.28245209,40.23808839,47.45841163,39.28303156,40.23846629,47.45841163,39.28303156,40.23846629,47.45719487,39.28127551,40.23727751,47.48508745,39.30979936,40.28721964,47.48641448,39.3115508,40.28898015,47.48855347,39.31387185,40.2904477,47.48826936,39.31357758,40.2899308,47.45984707,39.28444701,40.2392748,47.45933594,39.2839174,40.23833766,47.44310265,39.26754346,40.22352267,47.44280185,39.26721009,40.22341609,47.44301341,39.26741434,40.22359638,47.44245944,39.26689971,40.22340479,47.45988394,39.28455255,40.23984649,47.46033553,39.28498867,40.24023173,47.46078915,39.285572,40.2406627,47.38681719,39.2096979,40.10849443,47.46023079,39.28497623,40.23981063,47.46033099,39.28508006,40.23999515
5400,47.5272485,39.35139614,40.28743164,47.5265475,39.3505949,40.2868069,47.52713377,39.35120588,40.28721304,47.52713377,39.35120588,40.28721304,47.52588715,39.34941649,40.28599,47.55455651,39.37874132,40.33696229,47.55592904,39.38054212,40.33878644,47.55811271,39.38290835,40.34029034,47.55781683,39.38260172,40.33975448,47.52859567,39.35264662,40.28803029,47.52806094,39.35209223,40.28705438,47.51144278,39.33532869,40.2718362,47.51113692,39.33499016,40.27172788,47.51135455,39.33520056,40.27191459,47.51078104,39.33466693,40.27171006,47.52864284,39.35276397,40.28863424,47.52911095,39.35321662,40.28903607,47.52958021,39.35381642,40.28948341,47.45353219,39.27580068,40.15455532,47.52899881,39.35319674,40.28859708,47.5291041,39.35330592,40.28879009
6300,47.59614612,39.41974033,40.33730075,47.59542548,39.41891859,40.33665559,47.59604356,39.41956184,40.33709043,47.59604356,39.41956184,40.33709043,47.59476719,39.41773938,40.33583364,47.62420252,39.44785354,40.38780566,47.62561979,39.44970273,40.38969141,47.62784842,39.45211446,40.39123208,47.62753986,39.45179452,40.39067565,47.59753037,39.42102627,40.33791341,47.5969725,39.42044758,40.33689996,47.57997095,39.40329581,40.32128419,47.57965992,39.40295193,40.32117399,47.57988362,39.40316848,40.32136705,47.57929154,39.4026169,40.3211515,47.59758939,39.42115716,40.33855218,47.598074,39.42162633,40.33897052,47.59855887,39.4222425,40.33943407,47.52045934,39.34211155,40.20181997,47.59795462,39.421599,40.33851429,47.59806486,39.42171337,40.33871545
7200,48.34291659,40.19229383,41.10833186,48.34225755,40.19153821,41.10772302,48.34289005,40.19219707,41.10820558,48.34289005,40.19219707,41.10820558,48.34173915,40.19062729,41.10705609,48.37550892,40.22498891,41.16368484,48.37688035,40.22667088,41.16549115,48.37882194,40.22879075,41.16687142,48.3785083,40.22846795,41.16633901,48.34424735,40.19354341,41.10905492,48.34366515,40.192944,41.10805868,48.32411358,40.17319334,41.08965514,48.32385743,40.17290697,41.08956504,48.32407224,40.17311579,41.08975642,48.32351911,40.17259609,41.08951401,48.34430077,40.19366113,41.10957091,48.34476596,40.19411324,41.1099856,48.34521313,40.19465353,41.11041925,48.25601579,40.10366009,40.96099823,48.34460054,40.19400199,41.10951567,48.34471783,40.19412275,41.1097174
8100,48.44427307,40.29382791,41.20367169,48.44359864,40.29305699,41.2030464,48.44425882,40.2937433,41.20355543,48.44425882,40.2937433,41.20355543,48.44308585,40.29215019,41.20238027,48.47764797,40.32732626,41.2600094,48.47906125,40.32905237,41.26187433,48.48102516,40.33119366,41.26326638,48.48068954,40.33084816,41.26269708,48.44561328,40.29508549,41.20437369,48.44500516,40.29445927,41.20333682,48.42506231,40.274313,41.18450822,48.42480766,40.27402843,41.18442562,48.42502742,40.27424225,41.18462241,48.42447165,40.27372062,41.18439156,48.44569664,40.29523461,41.20495182,48.44617515,40.29570005,41.2053804,48.44663434,40.29625277,41.20582694,48.35531324,40.20307696,41.053701,48.44599811,40.29557701,41.20488881,48.44611852,40.29570101,41.20509477
9000,48.54544194,40.39516266,41.29921614,48.54475223,40.39437656,41.29857461,48.54544015,40.39509036,41.29911017,48.54544015,40.39509036,41.29911017,48.54424537,40.39347428,41.29790988,48.5795864,40.42945051,41.35651018,48.58104054,40.43121965,41.3584316,48.58302723,40.43338284,41.35983651,48.58267044,40.43301546,41.35923208,48.54679316,40.39642983,41.29990044,48.54615999,40.3957777,41.29882481,48.52582917,40.37523923,41.27957763,48.52557568,40.37495612,41.27950178,48.52580036,40.37517492,41.27970391,48.5252412,40.37465058,41.27948301,48.54690475,40.3966086,41.30053698,48.54739651,40.39708731,41.30097934,48.54786765,40.39765238,41.3014386,48.45446174,40.30233553,41.14669255,48.54720842,40.39695306,41.30046733,48.54733189,40.39708022,41.30067738
9900,48.64639468,40.49627002,41.39490617,48.64568977,40.49546882,41.39424857,48.64640548,40.49621018,41.39481075,48.64640548,40.49621018,41.39481075,48.64518914,40.49457145,41.39358581,48.68129732,40.53133528,41.45313156,48.68279146,40.53314647,41.45510758,48.68480132,40.53533196,41.45652629,48.68442404,40.53494342,41.45588826,48.64775824,40.49754816,41.39557573,48.64710075,40.49687089,41.39446297,48.62638495,40.4759433,41.37480293,48.62613234,40.47566135,41.3747332,48.62636191,40.47588508,41.37494061,48.62579872,40.47535737,41.37472823,48.64789659,40.49775505,41.39626741,48.64840156,40.49824699,41.39672344,48.64888457,40.49882431,41.3971953,48.55342766,40.40140248,41.23990334,48.64820289,40.49810201,41.3961921,48.64832937,40.49823229,41.39640612
10800,48.72669386,40.57713359,41.42968735,48.72598283,40.57632711,41.42902243,48.72671809,40.57708847,41.42960422,48.72671809,40.57708847,41.42960422,48.72549469,40.57544432,41.42836958,48.7626566,40.61330702,41.48962463,48.76417625,40.61514362,41.49163877,48.76618193,40.61732272,41.49304505,48.76578514,40.61691399,41.49237367,48.72804727,40.57840115,41.43031796,48.72737036,40.57770377,41.42917449,48.70631521,40.55643708,41.40916784,48.70606829,40.55616135,41.40910878,48.70629992,40.55638731,41.40931874,48.70574232,40.55586542,41.40912489,48.72821772,40.57864104,41.4310724,48.72873021,40.57914075,41.43153659,48.7292198,40.57972441,41.4320156,48.63100464,40.47942519,41.27021857,48.72852181,40.57898552,41.43098765,48.72864995,40.57911752,41.43120363
11700,48.82670179,40.67724775,41.52497994,48.82597589,40.6764265,41.52429944,48.82673866,40.67721514,41.52490761,48.82673866,40.67721514,41.52490761,48.82549433,40.67554916,41.52364936,48.86342354,40.71419856,41.58583457,48.86498131,40.71607508,41.58789952,48.86701057,40.71827696,41.58932124,48.86659472,40.71784853,41.58861934,48.82806966,40.67852851,41.52560123,48.82736993,40.67780755,41.52442384,48.80593183,40.6561538,41.50400936,48.80568531,40.65587873,41.50395526,48.80592171,40.65610951,41.50417032,48.80535905,40.65558317,41.5039824,48.82826405,40.6787936,41.52640446,48.8287895,40.6793063,41.526882,48.82929074,40.67990192,41.52737327,48.72902697,40.57750295,41.36307711,48.8285715,40.67914129,41.52631584,48.82870252,40.67927626,41.52653555
12600,48.92643852,40.77708171,41.6202974,48.92569782,40.77624576,41.61960143,48.92648818,40.77706175,41.62023607,48.92648818,40.77706175,41.62023607,48.92522309,40.77537419,41.61895457,48.96391067,40.81480065,41.68205031,48.96550597,40.81671641,41.68416474,48.96755901,40.81894128,41.68560251,48.96712456,40.81849363,41.68487115,48.92782173,40.77837656,41.62091142,48.92709966,40.77763254,41.61970124,48.90528112,40.75559435,41.59888342,48.90503483,40.75531976,41.59883384,48.90527597,40.75555534,41.59905395,48.90470783,40.75502411,41.59887099,48.92803909,40.77866587,41.62176118,48.92857748,40.77919152,41.622252,48.92909032,40.77979904,41.62275542,48.82680321,40.67532754,41.45601602,48.92835018,40.77901704,41.62166938,48.92848406,40.77915496,41.62189271
13500,49.02588898,40.87662077,41.71560437,49.02513352,40.87577017,41.71489305,49.02595154,40.87661358,41.71555424,49.02595154,40.87661358,41.71555424,49.02466588,40.87490468,41.71424982,49.06410371,40.91509941,41.77823832,49.065736,40.9170538,41.78040102,49.06781299,40.91930183,41.78185539,49.06736033,40.91883539,41.78109554,49.02728827,40.8779305,41.71621296,49.02654429,40.87716387,41.71497101,49.00434772,40.85474373,41.69375399,49.00410149,40.85446946,41.69370855,49.00434737,40.85470981,41.69393367,49.00377339,40.85417332,41.69375478,49.02752777,40.87824315,41.71710723,49.02807907,40.87878173,41.71761126,49.02860347,40.87940109,41.71812675,48.92431587,40.77288175,41.54899446,49.02784276,40.87859807,41.71701286,49.02797945,40.87873889,41.71723974
14400,50.26122875,42.1600679,43.09620143,50.26063638,42.159416,43.09562502,50.26139447,42.16018054,43.09628612,50.26139447,42.16018054,43.09628612,50.26044421,42.15903192,43.09531052,50.30493039,42.20396502,43.1640969,50.3062628,42.20543186,43.16581289,50.30768505,42.20696971,43.16683753,50.30723885,42.20651624,43.1661391,50.26220663,42.16099242,43.09658137,50.26153888,42.16031342,43.09555425,50.23566978,42.13407635,43.07023028,50.23553523,42.13392514,43.07024005,50.23573127,42.13411795,43.07042662,50.23534321,42.13375205,43.07033373,50.26257299,42.1614047,43.0974798,50.26302396,42.16184761,43.09790765,50.26343299,42.16229492,43.09831547,50.14609578,42.04357811,42.91666443,50.26276725,42.16160247,43.09739143,50.26287767,42.16171477,43.09755759
15300,48.52147799,40.49283363,41.59683762,48.52137378,40.49265818,41.59671958,48.52170024,40.49301776,41.59698148,48.52170024,40.49301776,41.59698148,48.52140136,40.49248679,41.59661695,48.5402863,40.51249577,41.6403032,48.54076618,40.5131476,41.64122653,48.54111754,40.51361937,41.64122166,48.54088364,40.51337101,41.64069834,48.52189492,40.49320152,41.59662809,48.52160848,40.4928942,41.59594965,50.37324296,42.27233138,43.21198668,50.37310826,42.27218011,43.21199659,50.37330643,42.27237506,43.21218532,50.3729146,42.27200556,43.21209003,48.52205548,40.49342159,41.59739598,48.52228195,40.4936448,41.5976141,48.52240169,40.49381327,41.5977466,50.28243247,42.18056134,43.05711401,48.52212167,40.49349441,41.5971768,48.5222047,40.49358044,41.59731668
16200,48.56768204,40.54030777,41.6512032,48.56756978,40.54012476,41.65107851,48.56791231,40.54050037,41.65135498,48.56791231,40.54050037,41.65135498,48.56760373,40.53996005,41.65098235,48.58714939,40.56063028,41.69528515,48.58764678,40.56129937,41.6962235,48.58801036,40.56178205,41.69622848,48.58776795,40.56152516,41.6956963,48.56810895,40.54068488,41.65099926,48.5678124,40.54036751,41.65031216,48.55703583,40.52915894,41.63939112,48.55704701,40.52915286,41.63954492,48.55717632,40.52928144,41.6396722,48.556995,40.52912097,41.63979787,48.56827963,40.54091535,41.65177944,48.56851274,40.54114505,41.65200351,48.56863855,40.54131951,41.65214137,48.51847314,40.48795915,41.53614798,48.56834877,40.54099103,41.65156322,48.5684329,40.54107815,41.65170387
17100,48.61353506,40.58736364,41.70498284,48.61341498,40.58717327,41.70485167,48.61377336,40.58756471,41.70514256,48.61377336,40.58756471,41.70514256,48.61345534,40.58701529,41.70476203,48.63365764,40.60834216,41.74968071,48.63417225,40.60902831,41.75063376,48.63454772,40.60952157,41.75064849,48.63429689,40.6092562,41.75010761,48.61397167,40.58774974,41.70478446,48.61366515,40.58742245,41.70408882,48.60250375,40.57583542,41.69281081,48.60251456,40.57582924,41.69296468,48.60264608,40.57595994,41.69309389,48.60246096,40.57579602,41.69321731,48.61415239,40.58799053,41.70557672,48.61439203,40.58822663,41.70580667,48.6145238,40.58840695,41.70594978,48.56261871,40.53331026,41.58833452,48.61422444,40.58806902,41.70536344,48.61430966,40.58815722,41.70550486
18000,48.45094497,40.40885633,41.49132574,48.45084936,40.40867797,41.4912131,48.45116867,40.40904178,41.49146266,48.45116867,40.40904178,41.49146266,48.45085037,40.40843977,41.49106919,48.46826025,40.42717801,41.53400009,48.46874728,40.42788211,41.53498592,48.46913187,40.42839943,41.53497252,48.4689017,40.42815117,41.53442261,48.45139478,40.40924903,41.49108226,48.45110914,40.40893764,41.49035909,48.44147469,40.39884912,41.48049143,48.44148248,40.39883655,41.48065592,48.44160096,40.3989548,41.48077422,48.44141841,40.39879587,41.4809276,48.4515335,40.40945791,41.49189358,48.45176089,40.40968233,41.49211248,48.45189575,40.409879,41.49226115,48.40640744,40.36069133,41.37906892,48.45162116,40.40955875,41.49166197,48.45170571,40.40964707,41.49181186
18900,48.46995654,40.42936478,41.5188893,48.46985529,40.42918122,41.51877231,48.47018803,40.42955871,41.51903375,48.47018803,40.42955871,41.51903375,48.46986303,40.42895027,41.51863475,48.48769626,40.44811858,41.56196881,48.48819637,40.44883584,41.56296697,48.48858902,40.44935969,41.56295826,48.48835196,40.44910431,41.56239941,48.47041454,40.42976475,41.51864614,48.47012111,40.42944541,41.5179151,48.46024857,40.41912243,41.50782945,48.46025669,40.41911053,41.50799531,48.46037628,40.41922981,41.50811451,48.46019078,40.41906839,41.50826817,48.4705611,40.42998212,41.51947121,48.47079395,40.43021188,41.51969491,48.47093396,40.43041368,41.51984813,48.42446628,40.38022329,41.40570633,48.47065184,40.43008587,41.51924175,48.47073726,40.43017506,41.51939226
19800,48.48855504,40.4493628,41.54577308,48.4884483,40.44917418,41.54565185,48.48879454,40.44956542,41.54592527,48.48879454,40.44956542,41.54592527,48.48846288,40.44895067,41.54552074,48.50671787,40.46854819,41.58925817,48.50723099,40.46927852,41.59026853,48.50763153,40.46980874,41.59026452,48.50738762,40.46954625,41.5896969,48.48902137,40.44977024,41.54553067,48.48872019,40.44944299,41.54479184,48.47859824,40.43887477,41.53447769,48.47860656,40.43886339,41.53464478,48.4787275,40.43898395,41.53476509,48.47853889,40.43881986,41.53491877,48.48917561,40.44999591,41.54636909,48.48941386,40.45023098,41.54659758,48.48955902,40.45043788,41.54675537,48.44198545,40.39912866,41.43155685,48.48926951,40.45010264,41.54614189,48.48935578,40.4501927,41.54629303
20700,48.50669392,40.46882243,41.57193697,48.50658186,40.46862885,41.57181163,48.50694158,40.46903389,41.57209704,48.50694158,40.46903389,41.57209704,48.50660374,40.46841298,41.57168742,48.525289,40.48844176,41.61583777,48.52581489,40.48918502,41.61686011,48.52622314,40.48972147,41.61686077,48.52597231,40.48945188,41.61628439,48.50716872,40.46923749,41.57169575,48.50685965,40.46890232,41.57094902,48.49647962,40.45808624,41.56039702,48.49648824,40.45807542,41.56056539,48.49661047,40.45819721,41.56068676,48.49641878,40.45803044,41.56084036,48.50733067,40.46947138,41.57254732,48.50757439,40.46971178,41.57278066,48.50772466,40.4699238,41.572943,48.45899587,40.41745959,41.4566416,48.50742771,40.46958114,41.5723224,48.50751485,40.46967207,41.5724742
21600,48.68336679,40.65103876,41.76070101,48.68319218,40.65079,41.76052477,48.68363374,40.65126932,41.76088454,48.68363374,40.65126932,41.76088454,48.68322874,40.65060591,41.76042402,48.70653389,40.67508046,41.80858059,48.70717991,40.67592094,41.80968202,48.70768081,40.67654057,41.80977403,48.70737749,40.67622112,41.80916263,48.68388334,40.6514964,41.76051829,48.68350853,40.65109923,41.75973364,48.67066849,40.63789126,41.74701016,48.67067011,40.63787548,41.74716835,48.67081607,40.63801995,41.74730942,48.67060025,40.63782918,41.74743182,48.68411652,40.6517959,41.76140933,48.68440004,40.65207471,41.76167721,48.68457804,40.65230798,41.76186248,48.62439519,40.58881914,41.63564929,48.68421401,40.65190308,41.76119866,48.68430859,40.65200089,41.76135301
22500,48.72545596,40.69377505,41.80810111,48.7252733,40.69351851,41.80791781,48.72573194,40.69401491,41.80829343,48.72573194,40.69401491,41.80829343,48.72531695,40.69334178,41.80782398,48.74929427,40.71849292,41.85664026,48.74995881,40.71935186,41.85775867,48.75047222,40.71998319,41.85786147,48.75015976,40.71965448,41.85724034,48.72598318,40.69424286,41.80792509,48.72559757,40.69383485,41.80713044,48.71237593,40.68024676,41.79404148,48.71237734,40.68023094,41.7941999,48.7125256,40.68037767,41.7943431,48.71230572,40.68018308,41.79446295,48.726227,40.6945533,41.80882916,48.72651759,40.69483912,41.80910363,48.72670207,40.6950788,41.80929487,48.66474602,40.62980745,41.68134851,48.72632775,40.69466365,41.8086216,48.72642356,40.69476268,41.80877695
23400,48.76708272,40.73601296,41.85488159,48.76689203,40.73574864,41.85469122,48.76736773,40.7362621,41.85508274,48.76736773,40.7362621,41.85508274,48.76694279,40.73557928,41.85460433,48.79159088,40.76140559,41.90408026,48.79227388,40.76228293,41.90521561,48.79279977,40.76292597,41.90532929,48.79247819,40.76258803,41.90469851,48.76762062,40.73649098,41.85471252,48.76722425,40.73607218,41.85390791,48.75362213,40.72210488,41.84045345,48.75362332,40.72208901,41.84061207,48.75377386,40.72223801,41.84075739,48.75354992,40.72203956,41.84087459,48.76787503,40.73681228,41.85562942,48.76817268,40.73710511,41.8559105,48.76836361,40.7373512,41.85610772,48.70463778,40.67030071,41.72642783,48.76797904,40.73692582,41.85542502,48.76807608,40.73702608,41.85558137
24300,48.80824871,40.77775597,41.90104812,48.80804999,40.77748387,41.90085065,48.80854274,40.77801439,41.90125812,48.80854274,40.77801439,41.90125812,48.80810787,40.7773219,41.90077073,48.83342527,40.80382186,41.95090608,48.83412667,40.80471753,41.95205836,48.83466503,40.80537233,41.95218302,48.83433438,40.8050252,41.95154267,48.80879732,40.77824426,41.90088627,48.80839023,40.77781471,41.90007174,48.79440877,40.76346919,41.88625183,48.79440973,40.76345325,41.8864106,48.79456255,40.7636045,41.88655805,48.79433453,40.76340217,41.88667248,48.80906224,40.77857635,41.90181577,48.80936693,40.77887618,41.90210346,48.80956432,40.77912866,41.90230667,48.74407237,40.71030268,41.77089329,48.80916954,40.7786931,41.90161457,48.80926779,40.77879458,41.90177192
25200,48.70313075,40.64657781,41.72585443,48.70291532,40.64627849,41.72564405,48.70339729,40.64680632,41.72602842,48.70339729,40.64680632,41.72602842,48.7029142,40.64600331,41.72548986,48.72729698,40.67162476,41.77507606,48.72804069,40.67261536,41.77632368,48.72868283,40.67338622,41.77648733,48.72835232,40.67303737,41.77581922,48.70373784,40.6471146,41.72567107,48.70332334,40.64667477,41.72480101,48.68966035,40.63269265,41.71142944,48.68964425,40.63265607,41.7115889,48.68979988,40.63280984,41.71173778,48.68953758,40.63257782,41.71185791,48.70396865,40.64742129,41.72663424,48.70428415,40.64773089,41.7269279,48.7045131,40.64803007,41.72715846,48.64145312,40.58150427,41.59717102,48.70411092,40.64758271,41.72642414,48.70421266,40.64768828,41.7265956
26100,48.73209511,40.67570013,41.75631308,48.73186886,40.67539019,41.75609298,48.732372,40.67593881,41.75649665,48.732372,40.67593881,41.75649665,48.73187347,40.67512038,41.75594351,48.75703974,40.70153002,41.80633267,48.75781056,40.70254796,41.80760836,48.75847339,40.70333915,41.80778854,48.75813045,40.70297766,41.80710556,48.73271888,40.67625293,41.75613848,48.73228898,40.67579754,41.75525147,48.71816248,40.66135202,41.74143105,48.71814581,40.66131503,41.74159145,48.7183045,40.66147183,41.74174319,48.7180355,40.6612334,41.7418601,48.73296228,40.67657264,41.75712023,48.73328767,40.67689207,41.75742321,48.73352687,40.67720154,41.75766358,48.66839235,40.6085895,41.62555723,48.73311033,40.67673976,41.75691406,48.73321406,40.67684733,41.75708752
27000,48.76074617,40.70449986,41.78642423,48.76050908,40.70417926,41.78619432,48.7610335,40.70474881,41.78661751,48.7610335,40.70474881,41.78661751,48.76051967,40.70391509,41.78604984,48.78646093,40.73110425,41.83723371,48.78725861,40.73214927,41.83853719,48.787942,40.73296067,41.83873401,48.78758675,40.73258667,41.83803637,48.7613867,40.70506877,41.78625886,48.76094156,40.70459798,41.78535511,48.7463579,40.68969539,41.77109058,48.74634062,40.68965795,41.7712518,48.74650237,40.68981777,41.77140642,48.74622666,40.6895729,41.77151992,48.76164256,40.70540135,41.78725877,48.7619778,40.70573058,41.78757108,48.76222713,40.70605022,41.78782119,48.69504097,40.63537531,41.65361778,48.76179634,40.70557413,41.78705661,48.76190203,40.70568367,41.78723203
27900,48.78909405,40.73298759,41.81619844,48.7888461,40.73265632,41.81595866,48.78939191,40.73324691,41.81640155,48.78939191,40.73324691,41.81640155,48.7888629,40.73239803,41.81581943,48.81557072,40.76035809,41.86778976,48.81639502,40.76142993,41.86912077,48.81709883,40.76226143,41.86933432,48.81673138,40.76187503,41.86862225,48.78975139,40.7335727,41.81604277,48.78929118,40.73308668,41.8151225,48.7742566,40.71773323,41.80041855,48.77423866,40.71769528,41.80058048,48.77440346,40.71785813,41.80073798,48.77412103,40.7176068,41.80084787,48.79001959,40.73391801,41.81706043,48.79036465,40.734257,41.81738206,48.79062401,40.7345867,41.81764184,48.72140882,40.66187203,41.68136304,48.79017907,40.73409641,41.81686232,48.79028668,40.73420789,41.81703968
28800,48.88834031,40.84272934,41.91861157,48.888081,40.84239129,41.91836022,48.88866941,40.84302175,41.9188482,48.88866941,40.84302175,41.9188482,48.88813897,40.84220068,41.91826687,48.91668775,40.87201415,41.97226679,48.91753806,40.8730876,41.97360128,48.91822792,40.87389861,41.97382375,48.91783965,40.87349164,41.97309938,48.88900561,40.8433256,41.91848571,48.88852311,40.84281801,41.91756234,48.87258834,40.82652876,41.90193172,48.87257721,40.82649942,41.90209496,48.87274635,40.82666672,41.90225703,48.87245992,40.82641022,41.90235235,48.88930282,40.8436976,41.91951327,48.88966105,40.84405019,41.919849,48.88992954,40.84438152,41.92011776,48.81587498,40.7667892,41.77850562,48.88946371,40.84387185,41.91933169,48.88957284,40.84398462,41.91950556
29700,48.92364229,40.87826691,41.95654997,48.92337374,40.87791978,41.9562901,48.92398163,40.8785697,41.95679655,48.92398163,40.8785697,41.95679655,48.92343958,40.87773717,41.95620421,48.95269304,40.9082587,42.01092233,48.95356457,40.90935338,42.0122776,48.95426979,40.91017923,42.01251392,48.95387136,40.90976201,42.01177854,48.92432155,40.87887677,41.95643463,48.9238268,40.87835688,41.95549905,48.90749344,40.86166974,41.93947562,48.90748185,40.86164005,41.93963892,48.90765359,40.86180995,41.9398035,48.90736157,40.86154798,41.93989456,48.92462942,40.87925963,41.95747521,48.92499589,40.87962043,41.9578189,48.92527235,40.87995973,41.9580954,48.84935204,40.80049629,41.81458644,48.92479484,40.87943838,41.95729786,48.92490543,40.87955262,41.95747309
30600,48.95858376,40.9134307,41.99405092,48.95830596,40.91307448,41.99378248,48.95893332,40.91374386,41.99430744,48.95893332,40.91374386,41.99430744,48.95837967,40.91289989,41.99370406,48.98833307,40.94412468,42.04913599,48.98922571,40.94524047,42.05051194,48.98994633,40.94608123,42.05076226,48.98953782,40.94565383,42.050016,48.95927706,40.91405426,41.99394639,48.95877015,40.91352217,41.99299869,48.94204044,40.89643991,41.97658385,48.94202836,40.89640982,41.97674716,48.94220272,40.89658231,41.97691426,48.94190505,40.89631485,41.97700092,48.95959546,40.91444786,41.99499971,48.95997017,40.91481686,41.99535136,48.96025455,40.91516407,41.99563558,48.88247899,40.83384146,41.85023929,48.95976541,40.91463111,41.99482663,48.95987746,40.9147468,41.99500321
31500,48.99317337,40.94823017,42.03112508,48.99288631,40.94786485,42.03084802,48.99353328,40.94855373,42.03139169,48.99353328,40.94855373,42.03139169,48.99296807,40.94769833,42.03077728,49.02361668,40.97962154,42.0869186,49.02453031,40.98075832,42.08831513,49.02526635,40.98161402,42.08857957,49.02484785,40.98117654,42.08782257,48.99388081,40.94886754,42.03103167,48.99336181,40.94832333,42.03007193,48.97623722,40.93084856,42.01326642,48.9762246,40.93081803,42.01342965,48.97640157,40.93099311,42.01359927,48.97609823,40.93072011,42.01368142,48.99420964,40.94927173,42.03209749,48.99459257,40.94964892,42.03245711,48.99488483,40.95000401,42.03274902,48.91526521,40.86683455,41.88547561,48.99438412,40.9494595,42.0319287,48.99449761,40.94957663,42.03210664
32400,48.85653949,40.8050317,41.89502574,48.85628313,40.80469163,41.89477703,48.85687272,40.8053248,41.89526069,48.85687272,40.8053248,41.89526069,48.85634215,40.80446246,41.89467301,48.88382978,40.8332148,41.94790149,48.88466711,40.8343114,41.94926291,48.88536918,40.83513942,41.9494645,48.88498992,40.83474056,41.94872271,48.85722002,40.8056341,41.89485203,48.85674881,40.8051368,41.8939073,48.84126853,40.78943837,41.87869841,48.8412518,40.78940203,41.87886702,48.84141773,40.78956604,41.87902665,48.84112926,40.78931074,41.87914628,48.85750036,40.80599477,41.89592282,48.85785664,40.806344,41.89625602,48.85812205,40.80668289,41.89652364,48.78684969,40.73191481,41.75698475,48.857666,40.80618093,41.89572287,48.85777434,40.80629316,41.89590243
33300,48.85682064,40.80624778,41.89977616,48.85655638,40.8058999,41.89952027,48.85716334,40.80655017,41.90001996,48.85716334,40.80655017,41.90001996,48.856621,40.80567572,41.899421,48.88465951,40.83498268,41.95321164,48.88551731,40.83610028,41.95459508,48.88623525,40.83694386,41.95480869,48.88584632,40.83653513,41.95405442,48.85751514,40.80686345,41.8996083,48.85703231,40.80635435,41.89865002,48.84123328,40.79034308,41.88313156,48.8412162,40.79030654,41.88330126,48.84138404,40.79047243,41.88346272,48.84109058,40.79021244,41.88358087,48.85780516,40.80723432,41.90069545,48.85816924,40.80759129,41.90103606,48.85844271,40.80793837,41.90131144,48.7857053,40.73169513,41.760282,48.8579759,40.80742551,41.90049871,48.85808575,40.80753926,41.9006798
34200,48.85622758,40.80653629,41.90352062,48.85595535,40.80618056,41.90325746,48.8565798,40.80684804,41.90377334,48.8565798,40.80684804,41.90377334,48.85602564,40.80596147,41.90316306,48.88461889,40.83582668,41.95751827,48.8854974,40.83696549,41.95892385,48.88623141,40.83782485,41.95914985,48.88583271,40.83740615,41.95838315,48.85693613,40.80716534,41.90335905,48.85644164,40.80664441,41.90238732,48.8403254,40.79032141,41.88656037,48.84030795,40.79028464,41.88673109,48.84047771,40.79045243,41.88689437,48.84017928,40.79018775,41.88701088,48.85723585,40.80754641,41.90446227,48.85760778,40.80791117,41.90481034,48.85788933,40.80826644,41.90509351,48.78368303,40.73054497,41.76257281,48.8574117,40.80774265,41.90426884,48.85752306,40.80785793,41.90445147
35100,48.85479391,40.80593154,41.90629196,48.85451404,40.80556829,41.90602182,48.85515527,40.80625226,41.90655326,48.85515527,40.80625226,41.90655326,48.85458985,40.80535419,41.90593217,48.88372481,40.83576381,41.96083863,48.88462391,40.83692364,41.96226614,48.8853739,40.83779869,41.96250461,48.88496549,40.83737008,41.96172567,48.85551591,40.80657337,41.9061365,48.85501033,40.80604121,41.90515193,48.8385844,40.78941381,41.8890232,48.83856653,40.78937676,41.88919482,48.8387385,40.78954673,41.8893602,48.83843437,40.78927661,41.88947424,48.8558249,40.80696417,41.90725504,48.85620436,40.80733638,41.90761027,48.85649362,40.80769946,41.90790092,48.77985531,40.72750492,41.76299439,48.85600562,40.8071652,41.90706481,48.85611843,40.80728194,41.90724889
36000,48.85920787,40.8136744,41.94850127,48.85891084,40.81329407,41.94821419,48.85959287,40.81401857,41.94878572,48.85959287,40.81401857,41.94878572,48.85900228,40.8131016,41.94814041,48.88931587,40.84470495,42.00385715,48.89025649,40.84590096,42.00532013,48.89103552,40.84680592,42.00559339,48.89060709,40.84635695,42.00479825,48.85996153,40.81434928,41.94838634,48.85942963,40.81379037,41.9473807,48.84229543,40.7964201,41.93052242,48.84227756,40.7963832,41.9306926,48.84245331,40.7965571,41.93086192,48.84213891,40.79627615,41.93096158,48.86029238,40.81476196,41.94951738,48.86068944,40.81515226,41.94989016,48.86099665,40.81553175,41.9501984,48.78190353,40.73286944,41.80376887,48.86048453,40.81497299,41.94934214,48.86060067,40.81509309,41.94952835
36900,48.85849882,40.81375114,41.95213263,48.85819425,40.81336341,41.95183859,48.8588941,40.81410547,41.95242689,48.8588941,40.81410547,41.95242689,48.85829325,40.8131781,41.95177164,48.88911363,40.84528837,42.00799951,48.89007313,40.84650352,42.00948242,48.89086599,40.84742196,42.00976682,48.89042848,40.84696377,42.00896037,48.8592662,40.81443912,41.95202501,48.85872364,40.81386947,41.95100736,48.84127813,40.79619317,41.93384409,48.84126,40.79615615,41.93401508,48.84143754,40.79633181,41.93418612,48.8411184,40.79604638,41.93428373,48.85960589,40.81486103,41.95317027,48.86001035,40.81525865,41.95355019,48.86032482,40.81564545,41.95386553,48.77977482,40.73152156,41.80597537,48.85980266,40.8150766,41.9529984,48.85992013,40.81519804,41.95318594
37800,48.85701297,40.81299834,41.95483987,48.85669947,40.81260176,41.95453753,48.85742031,40.81336468,41.95514563,48.85742031,40.81336468,41.95514563,48.85680743,40.8124251,41.95447877,48.88813657,40.84504391,42.01121868,48.88911473,40.84627795,42.01272122,48.88992132,40.84720976,42.01301679,48.88947481,40.84674245,42.01219924,48.8577963,40.81370177,41.95474199,48.85724129,40.81311951,41.95371075,48.83938184,40.79503029,41.93614583,48.83936334,40.79499304,41.93631747,48.83954364,40.79517144,41.93649112,48.83921735,40.79487903,41.9365843,48.8581463,40.8141344,41.95590256,48.85855926,40.81454047,41.95629063,48.85888198,40.8149356,41.956614,48.77606951,40.72851634,41.80651131,48.85834837,40.81435521,41.95573476,48.85846735,40.81447818,41.95592379
38700,48.85426745,40.81091491,41.95617186,48.8539399,40.81050419,41.95585642,48.8546939,40.81130059,41.95649576,48.8546939,40.81130059,41.95649576,48.85406203,40.81034166,41.95581078,48.8862886,40.84387194,42.0134268,48.88729588,40.84513566,42.01495872,48.88812344,40.84608837,42.01527239,48.88766303,40.84560686,42.01443925,48.85507564,40.81164305,41.95609232,48.85450092,40.8110407,41.95504075,48.83609701,40.79240255,41.93695132,48.83607802,40.79236492,41.93712347,48.83626161,40.79254662,41.93730024,48.83592696,40.79224596,41.93738774,48.85544244,40.81209312,41.95727409,48.8558691,40.81251305,41.95767522,48.85620522,40.81292182,41.95801145,48.77113782,40.72421698,41.80570329,48.85565292,40.8123224,41.95711336,48.85577436,40.81244786,41.95730475
39600,48.79599918,40.74562492,41.8791062,48.79561906,40.74515945,41.87874807,48.79645252,40.74603876,41.87945182,48.79645252,40.74603876,41.87945182,48.79573935,40.74496991,41.87869558,48.83056384,40.78111247,41.93865415,48.83168957,40.78252111,41.9403099,48.83263618,40.78359443,41.94070062,48.83212564,40.78306167,41.93980844,48.79686789,40.74641031,41.87903342,48.79623399,40.74574767,41.87791174,48.77642875,40.7257707,41.85873389,48.7763993,40.72572214,41.85890475,48.77659727,40.72591778,41.85909287,48.7762449,40.72560031,41.85918339,48.79729861,40.74692659,41.88031073,48.79776413,40.7473852,41.88074398,48.7981328,40.74783572,41.88110981,48.70648361,40.65252267,41.72286541,48.79752244,40.74717708,41.88014822,48.79765192,40.7473108,41.8803506
40500,48.77646,40.72643958,41.86244639,48.77606743,40.7259616,41.86207609,48.77692331,40.72686314,41.86280194,48.77692331,40.72686314,41.86280194,48.77619268,40.72577664,41.86202798,48.81164992,40.76255513,41.92266575,48.81280384,40.76399229,41.92435381,48.81377482,40.76509002,41.92476422,48.81325162,40.76454435,41.92385538,48.77734523,40.7272408,41.86238193,48.77669616,40.72656275,41.86124114,48.75656494,40.70626053,41.84172108,48.75653412,40.7062107,41.84189271,48.75673542,40.70640966,41.84208414,48.75637736,40.70608683,41.84217278,48.77779087,40.72777267,41.86368241,48.77826653,40.72824138,41.86412583,48.77864432,40.72870099,41.86450096,48.68533736,40.63172227,41.70447227,48.7780192,40.72802739,41.86352183,48.77815056,40.72816301,41.86372622
41400,48.75679191,40.70710387,41.84547934,48.75638701,40.70661352,41.84509696,48.75726557,40.70753755,41.84584514,48.75726557,40.70753755,41.84584514,48.75651794,40.70643388,41.84505389,48.79260148,40.74384147,41.90636202,48.79378312,40.74530664,41.9080816,48.79477764,40.74642794,41.90851141,48.79424193,40.74586953,41.90758641,48.75769379,40.70792111,41.84542415,48.7570297,40.70722781,41.84426473,48.73657397,40.6866018,41.82440459,48.73654185,40.68655076,41.82457686,48.73674644,40.68675302,41.82477157,48.73638255,40.68642469,41.82485787,48.75815399,40.70846815,41.84674664,48.75863973,40.70894691,41.84720019,48.75902661,40.70941557,41.84758456,48.66407652,40.61078675,41.68579256,48.75838687,40.70872716,41.84658826,48.75852007,40.70886464,41.84679463
42300,48.73701604,40.68764028,41.82823462,48.73659895,40.6871377,41.82784026,48.73750038,40.68808442,41.82861096,48.73750038,40.68808442,41.82861096,48.73673615,40.68696401,41.82780279,48.77344033,40.72499468,41.88977343,48.77464925,40.72648741,41.89152382,48.77566661,40.72763155,41.8919728,48.77511854,40.72706057,41.89103214,48.73793475,40.68847376,41.82818964,48.73725579,40.68776537,41.82701202,48.71647679,40.66681682,41.80681368,48.71644343,40.66676462,41.80698646,48.71665129,40.66697014,41.80718441,48.71628144,40.66663615,41.80726791,48.73840915,40.68903554,41.82953303,48.73890492,40.68952431,41.82999668,48.73930086,40.690002,41.83039026,48.64272069,40.58973694,41.66685388,48.73864662,40.68929892,41.82937711,48.73878164,40.68943823,41.82958544
43200,48.74275237,40.69788603,41.8870061,48.74233553,40.69738421,41.8866097,48.74324402,40.69833675,41.88739127,48.74324402,40.69833675,41.88739127,48.74248369,40.69723016,41.88658447,48.77917372,40.73521444,41.94808053,48.78038003,40.73669477,41.94982267,48.78139171,40.73783341,41.95028418,48.78084513,40.73726452,41.94935315,48.74368097,40.6987308,41.88700368,48.74300279,40.69802384,41.88583418,48.72215522,40.67698616,41.86546251,48.72212204,40.67693415,41.86562948,48.72232971,40.6771395,41.86582797,48.72195649,40.6768016,41.86589573,48.74414858,40.69928437,41.88831362,48.74464532,40.69977405,41.88878024,48.74504154,40.70024893,41.88917553,48.64850196,40.60011018,41.72693321,48.74438757,40.69954656,41.88816744,48.74452282,40.69968605,41.88837603
44100,48.72799559,40.68357149,41.87545352,48.72756635,40.68305721,41.87504522,48.7284997,40.68403456,41.87585065,48.7284997,40.68403456,41.87585065,48.72772322,40.68291167,41.87502789,48.76503849,40.72152389,41.93715,48.76627193,40.72303166,41.93892102,48.7673061,40.72419282,41.93940189,48.76674719,40.72361138,41.93845585,48.72894321,40.68443483,41.87546302,48.7282502,40.68371283,41.87427665,48.70704652,40.66231945,41.85355076,48.70701204,40.66226621,41.85371801,48.70722298,40.66247485,41.85391969,48.70684308,40.66213051,41.85398379,48.72942402,40.68500212,41.87679241,48.72993116,40.6855022,41.87726918,48.7303366,40.68598629,41.87767352,48.63216626,40.58421051,41.71379281,48.72966804,40.68526915,41.87664952,48.72980517,40.68541054,41.8768599
45000,48.71291834,40.66890665,41.86342895,48.712477,40.66838024,41.86300899,48.71343488,40.66938206,41.86383804,48.71343488,40.66938206,41.86383804,48.71264285,40.66824347,41.86299985,48.75056809,40.70746765,41.92573457,48.75182788,40.70900202,41.9275337,48.75288348,40.71018459,41.92803286,48.75231258,40.70959098,41.92707253,48.71388456,40.66978814,41.86345058,48.71317705,40.66905147,41.86224778,48.69162638,40.64731171,41.84117591,48.69159069,40.64725734,41.84134342,48.69180483,40.64746918,41.84154821,48.69141831,40.64711845,41.84160847,48.71437824,40.67036879,41.86479858,48.71489558,40.67087906,41.86528532,48.71531006,40.67137219,41.86569857,48.61553632,40.56798758,41.70018172,48.71462724,40.67064063,41.86465905,48.71476615,40.67078381,41.86487108
45900,48.6975711,40.65394429,41.85098045,48.69711785,40.65340593,41.85054884,48.69810011,40.65443208,41.85140173,48.69810011,40.65443208,41.85140173,48.6972929,40.6532782,41.85054822,48.73581721,40.69310296,41.91388948,48.73710268,40.69466323,41.91571595,48.73817896,40.69586644,41.91623295,48.73759631,40.6952609,41.91525874,48.69855567,40.6548437,41.85101471,48.69783384,40.65409255,41.84979549,48.67594056,40.63201062,41.82837328,48.67590374,40.63195521,41.82854106,48.67612105,40.63217022,41.82874902,48.67572793,40.63181309,41.82880515,48.69906201,40.65543747,41.85238088,48.69958941,40.6559578,41.85287762,48.70001285,40.65645987,41.85329982,48.59865509,40.55148636,41.68614406,48.69931597,40.6557141,41.85224482,48.69945662,40.65585902,41.85245851
46800,48.71544442,40.67858191,41.88901051,48.71500184,40.67805674,41.88858472,48.71596873,40.67906564,41.88943143,48.71596873,40.67906564,41.88943143,48.71517851,40.67795076,41.88859057,48.75336226,40.71742811,41.9517172,48.75462965,40.71895122,41.95351982,48.7556827,40.72012755,41.95403711,48.75510707,40.71952939,41.95307511,48.71641665,40.67947134,41.88906432,48.71570621,40.67873215,41.887864,48.69418362,40.65698336,41.86662679,48.69415039,40.65693246,41.86679345,48.69436436,40.65714428,41.86699959,48.69397658,40.65679163,41.86704802,48.71691239,40.68005266,41.89040036,48.71743234,40.68056575,41.89089376,48.7178489,40.6810548,41.89131175,48.61793271,40.57756125,41.72524272,48.71716281,40.68032067,41.89027193,48.71730171,40.68046371,41.89048136
47700,48.71469487,40.67862807,41.89154477,48.71424561,40.67809632,41.89111227,48.7152298,40.67912237,41.89197611,48.7152298,40.67912237,41.89197611,48.71443271,40.67800038,41.89112794,48.75300056,40.71785976,41.95465187,48.75428169,40.71939685,41.95646866,48.75534355,40.72058161,41.95699526,48.75476108,40.71997661,41.95602582,48.71567958,40.67952954,41.89160983,48.71496093,40.67878216,41.89040115,48.69324938,40.65685357,41.86896565,48.69321588,40.6568025,41.86913209,48.69343159,40.65701604,41.86934002,48.69303949,40.65665926,41.86938457,48.71618189,40.68011765,41.89295389,48.71670799,40.6806368,41.89345352,48.71712961,40.68113092,41.8938767,48.61623594,40.57666632,41.72679375,48.71643537,40.68038865,41.89282862,48.71657523,40.68053263,41.89303897
48600,48.71311011,40.67778745,41.8931542,48.71265293,40.67724786,41.89271387,48.71365742,40.67829416,41.89359763,48.71365742,40.67829416,41.89359763,48.71285226,40.67716388,41.89274109,48.7518004,40.71740084,41.95665653,48.75309492,40.71895148,41.95848707,48.75416546,40.72014456,41.95902282,48.75357636,40.71953292,41.95804615,48.71410932,40.67870308,41.89323243,48.7133811,40.67794612,41.89201416,48.69143083,40.65578578,41.87033517,48.69139695,40.65573442,41.87050131,48.69161513,40.65595043,41.87071169,48.69121696,40.65558772,41.87075074,48.71461925,40.67929904,41.89458541,48.71515238,40.67982515,41.89509208,48.71557976,40.68032506,41.89552108,48.6128557,40.57400851,41.72664001,48.71487624,40.67957348,41.89446371,48.71501718,40.67971854,41.89467511
49500,48.70994319,40.67528593,41.89314303,48.70947144,40.6747316,41.89268871,48.71051353,40.67581608,41.89360847,48.71051353,40.67581608,41.89360847,48.70969314,40.67467017,41.89273698,48.74945792,40.7157361,41.95744743,48.7507789,40.71731377,41.95930384,48.75186626,40.7185236,41.95985624,48.75126416,40.71789874,41.95886642,48.71096932,40.6762286,41.89324583,48.71022333,40.67545357,41.89201033,48.68788544,40.65290657,41.86995067,48.68785089,40.65285461,41.87011626,48.6880728,40.6530744,41.87033026,48.68766538,40.65270245,41.87036094,48.71149366,40.67683942,41.89461417,48.71204017,40.67737908,41.89513377,48.71247864,40.67789025,41.8955735,48.60770334,40.56949543,41.72469319,48.71175739,40.67712064,41.894499,48.71190039,40.67726778,41.89471235
50400,48.76177231,40.74036948,42.01073326,48.76128763,40.73980695,42.01026134,48.76240236,40.74096234,42.01126063,48.76240236,40.74096234,42.01126063,48.76158649,40.73985593,42.01039063,48.80243473,40.78204028,42.07576885,48.80377547,40.7836084,42.07761874,48.80484926,40.78480006,42.07820222,48.80423198,40.78416003,42.07721741,48.76284873,40.74136957,42.01094672,48.76208722,40.74057919,42.00972173,48.73948167,40.71767402,41.9871884,48.73945192,40.71762874,41.98734718,48.73967706,40.71785231,41.98756594,48.73925186,40.71745985,41.98755175,48.76337879,40.74198258,42.0122712,48.76394342,40.7425418,42.01281251,48.76439281,40.74305482,42.01326492,48.65710834,40.63207366,41.84092952,48.76365408,40.7422688,42.01219115,48.7637978,40.74241652,42.01239971
51300,48.7700773,40.74957393,42.0237982,48.76958759,40.74900662,42.02332126,48.7707169,40.75017645,42.0243357,48.7707169,40.75017645,42.0243357,48.76989694,40.74906592,42.02346164,48.81106245,40.79155908,42.08914539,48.81241225,40.7931362,42.09100305,48.81349143,40.79433271,42.09159323,48.81286938,40.79368806,42.09060398,48.77116434,40.75058446,42.02402303,48.77039724,40.74978871,42.0227937,48.74763135,40.72673635,42.00009994,48.74760137,40.72669095,42.00025804,48.74782786,40.72691583,42.00047817,48.74739845,40.72651924,42.00045923,48.77169837,40.75120134,42.0253512,48.77226789,40.75176533,42.02589752,48.77272118,40.75228225,42.02635388,48.66459734,40.64048442,41.85321054,48.77197669,40.75149065,42.02527524,48.77212099,40.75163892,42.02548419
52200,48.77771178,40.75805641,42.03601667,48.77721691,40.7574842,42.03553461,48.77836111,40.7586688,42.03656448,48.77836111,40.7586688,42.03656448,48.77753691,40.75755402,42.03568623,48.81902772,40.80036419,42.10168292,48.82038682,40.80195052,42.10354858,48.82147159,40.8031521,42.10414563,48.82084467,40.80250272,42.10315189,48.77880971,40.75907769,42.03625323,48.77803687,40.75827641,42.0350194,48.75510737,40.73507289,42.01216228,48.75507715,40.73502734,42.01231969,48.75530503,40.73525357,42.01254122,48.7548713,40.73485273,42.01251741,48.7793478,40.75969851,42.03758506,48.77992231,40.76026739,42.03813648,48.78037962,40.7607883,42.0385969,48.67139576,40.64815271,41.86462654,48.77962922,40.75999099,42.03751325,48.77977412,40.76013981,42.03772261
53100,48.78467167,40.76581256,42.04738874,48.78417151,40.76523529,42.04690141,48.78533092,40.766435,42.04794701,48.78533092,40.766435,42.04794701,48.78450228,40.76531582,42.04706441,48.82632703,40.80845189,42.11338219,48.82769572,40.81004768,42.11525612,48.82878631,40.81125459,42.11586023,48.82815441,40.81060036,42.11486193,48.78578078,40.76684489,42.04763735,48.78500204,40.76603792,42.04639889,48.761905,40.74267854,42.02337481,48.76187452,40.74263283,42.0235315,48.76210381,40.74286043,42.02375445,48.76166566,40.74245524,42.02372566,48.78632303,40.76746975,42.04897285,48.78690266,40.76804365,42.04952949,48.78736412,40.76856867,42.04999407,48.67749568,40.65507022,41.875174,48.78660766,40.76776547,42.04890527,48.78675317,40.76791489,42.04911507
54000,48.06427212,39.8678439,41.51996225,48.06359691,39.86700416,41.51933328,48.0649751,39.86851016,41.5205576,48.0649751,39.86851016,41.5205576,48.06406238,39.867267,41.51961536,48.11274324,39.9173929,41.58951782,48.11436216,39.91925399,41.59165452,48.11544063,39.92048712,41.59212318,48.11460746,39.91962428,41.59084403,48.06514629,39.86862315,41.51969134,48.06417244,39.86761541,41.51821848,48.03779648,39.84119426,41.49335428,48.0377935,39.8411558,41.49358288,48.03805535,39.84141534,41.49382857,48.03770359,39.84110473,41.49401321,48.06612242,39.86973792,41.52168481,48.06676242,39.87037192,41.52228112,48.06726745,39.87094366,41.52277223,47.93930395,39.73892074,41.33881604,48.06629508,39.86988139,41.52145153,48.06645608,39.87004668,41.52167187
54900,48.00813468,39.81165437,41.47407396,48.00744966,39.81080412,41.47343296,48.0088459,39.81232914,41.4746793,48.0088459,39.81232914,41.4746793,48.00792467,39.81107759,41.47372741,48.05712508,39.86172459,41.5441279,48.0587587,39.86359963,41.54628226,48.0598474,39.8648438,41.54676144,48.05900598,39.863973,41.54547203,48.00901412,39.81243977,41.47380591,48.00803156,39.81142372,41.47232189,47.98140038,39.7847399,41.44716419,47.98139714,39.78470084,41.44739314,47.98166104,39.78496248,41.44764133,47.98130644,39.78464852,41.44782347,48.01000421,39.81356808,41.47581931,48.01065024,39.81420821,41.47642277,48.01116051,39.8147851,41.47691989,47.88183647,39.68139665,41.29168004,48.01017811,39.81371281,41.47558642,48.01033962,39.81387854,41.47580724
55800,47.95206188,39.75551244,41.42756519,47.95136717,39.75465186,41.42691256,47.95278122,39.75619556,41.42818014,47.95278122,39.75619556,41.42818014,47.95185155,39.75493574,41.42721885,48.0015644,39.80609696,41.49809882,48.00321288,39.8079861,41.5002714,48.00431153,39.80924101,41.50076001,48.00346181,39.80836223,41.49946006,47.95294585,39.7563033,41.42729716,47.95195423,39.75527859,41.4258008,47.92507098,39.72833532,41.40036129,47.92506768,39.72829585,41.40059136,47.9253336,39.72855956,41.40084194,47.92497674,39.72824281,41.40102372,47.9539504,39.75744557,41.42933255,47.95460239,39.75809176,41.42994291,47.95511784,39.75867374,41.43044587,47.8243349,39.62382395,41.24359964,47.95412513,39.75759118,41.42909871,47.95428729,39.75775749,41.42932037
56700,47.8960365,39.69940378,41.38035596,47.89533147,39.6985323,41.37968966,47.89676451,39.70009576,41.3809823,47.89676451,39.70009576,41.3809823,47.89582603,39.69882731,41.38001041,47.94608976,39.7505401,41.45149635,47.94775126,39.75244156,41.45368136,47.94886232,39.75370957,41.45418693,47.94800585,39.75282436,41.45288104,47.89693764,39.70021237,41.38012802,47.89594188,39.69918379,41.37863498,47.86878232,39.67195797,41.35283601,47.86877574,39.67191498,41.3530569,47.86904383,39.67218091,41.35331038,47.86867656,39.6718534,41.35346632,47.89794524,39.70135748,41.38214921,47.89860356,39.70201007,41.38276769,47.89912447,39.70259741,41.38327736,47.76680475,39.56620924,41.19457514,47.89812545,39.70150851,41.38192929,47.89828766,39.70167482,41.38214983
57600,47.95430535,39.76282747,41.42106772,47.95361351,39.76197501,41.42040582,47.95504923,39.76353774,41.42171259,47.95504923,39.76353774,41.42171259,47.9541313,39.7623045,41.4207538,48.00424479,39.81386958,41.49260007,48.00586789,39.81572119,41.49472723,48.00697359,39.81697883,41.49527928,48.00614795,39.81612596,41.49403421,47.95527237,39.76370842,41.42098632,47.95430153,39.76270617,41.41953724,47.92723756,39.73555574,41.3935592,47.92722502,39.73550705,41.3937598,47.92748977,39.73577,41.39401233,47.92709213,39.73540975,41.3941092,47.95619956,39.76476569,41.42286276,47.95685711,39.76541804,41.4234848,47.95738136,39.76600519,41.42399949,47.82557589,39.63012818,41.2346694,47.9564053,39.76494323,41.42268405,47.95656666,39.76510862,41.422904
58500,47.90700447,39.71551764,41.38260911,47.90630331,39.71465552,41.38193561,47.90775663,39.71623639,41.38326461,47.90775663,39.71623639,41.38326461,47.90683103,39.71499586,41.38229724,47.95747472,39.76709146,41.45467703,47.95911068,39.76895511,41.45681818,47.96022593,39.77022281,41.45738025,47.95939292,39.76936289,41.45612625,47.90798431,39.71641206,41.3825547,47.90700835,39.715405,41.38110514,47.87968087,39.68798465,41.354809,47.87966616,39.68793359,41.35500372,47.87993285,39.68819852,41.35525869,47.87952781,39.6878305,41.35533826,47.90891699,39.71747443,41.38442647,47.90958036,39.71813267,41.38505566,47.9101097,39.7187248,41.3855764,47.77682037,39.58136546,41.19454311,47.90912687,39.71765615,41.38425774,47.90928836,39.71782162,41.38447684
59400,47.85973429,39.66822509,41.34328525,47.8590237,39.66735322,41.34259989,47.86049481,39.66895238,41.34395162,47.86049481,39.66895238,41.34395162,47.85956147,39.66770446,41.34297551,47.91076703,39.72036151,41.41599905,47.91241121,39.72223272,41.4181383,47.9135424,39.72351669,41.4187319,47.91270692,39.72265448,41.41748546,47.86073092,39.66913685,41.3432711,47.85975199,39.66812706,41.34182857,47.83215371,39.64043002,41.31519311,47.83213637,39.64037616,41.31538042,47.83240502,39.64064308,41.31563785,47.83199183,39.64026657,41.3156977,47.86166533,39.67020062,41.34512547,47.86233458,39.67086482,41.34576199,47.86286907,39.671462,41.34628894,47.7281155,39.53263923,41.15361085,47.86188051,39.67038766,41.3449708,47.86204202,39.67055311,41.34518858
60300,47.81253693,39.62099325,41.30322503,47.81181702,39.62011175,41.30252823,47.8133057,39.62172896,41.30390185,47.8133057,39.62172896,41.30390185,47.81236465,39.62047366,41.30291719,47.86412265,39.67368302,41.37655475,47.86577594,39.67556271,41.37869484,47.86692197,39.67686187,41.37931618,47.86608339,39.67599678,41.3780751,47.8135492,39.62192122,41.30324696,47.81256658,39.62090799,41.30180925,47.78470056,39.59293763,41.27484797,47.78468084,39.59288121,41.27502871,47.78495142,39.59315009,41.27528851,47.78453042,39.5927654,41.27533009,47.8144863,39.62298733,41.30508735,47.81516138,39.62365742,41.30573095,47.81570097,39.62425962,41.30626391,47.67950043,39.48399005,41.11199517,47.81470623,39.62317915,41.3049449,47.8148679,39.62334473,41.30516178
61200,47.80436365,39.62448741,41.2975151,47.8036514,39.62362604,41.29682136,47.80514364,39.62523657,41.29820603,47.80514364,39.62523657,41.29820603,47.8042142,39.62401585,41.2972309,47.85630506,39.67753708,41.37137624,47.85794404,39.67938701,41.37348855,47.85907282,39.68065737,41.37412162,47.85824131,39.67980052,41.37290223,47.80538834,39.62543328,41.29760038,47.80441265,39.62442826,41.29618435,47.77634865,39.59625779,41.26891647,47.77632974,39.59620501,41.26908852,47.77659911,39.59647289,41.26934841,47.77617614,39.59608394,41.26936665,47.80630767,39.62647255,41.29938153,47.8069806,39.62714103,41.30002642,47.80751598,39.62773464,41.30055772,47.67044685,39.48666679,41.10495353,47.80652921,39.62666834,41.29925584,47.80669043,39.62683333,41.29947114
62100,47.76097006,39.58115635,41.26161077,47.76024944,39.58028645,41.26090709,47.7617581,39.58191375,41.2623118,47.7617581,39.58191375,41.2623118,47.76082209,39.58068689,41.26132971,47.81345859,39.63475382,41.33605977,47.8151056,39.63661111,41.33817206,47.8162469,39.63789422,41.33882877,47.81541232,39.63703452,41.33761393,47.76200874,39.58211682,41.26172827,47.76102973,39.58110875,41.26031708,47.73269838,39.55266524,41.23273329,47.73267742,39.55261027,41.23289953,47.73294852,39.55287991,41.2331615,47.73251874,39.5524838,41.23316369,47.76293073,39.58315834,41.26349688,47.76360895,39.58383216,41.26414806,47.76414888,39.58443021,41.26468456,47.62564818,39.44193076,41.06755725,47.76315656,39.58335848,41.26338244,47.76331787,39.58352351,41.26359671
63000,47.71767428,39.53790779,41.22503694,47.71694535,39.53702939,41.22432354,47.7184703,39.53867334,41.2257478,47.7184703,39.53867334,41.2257478,47.71752772,39.53744029,41.22475882,47.77070682,39.59205012,41.30006198,47.7723622,39.59391514,41.30217534,47.77351576,39.59521075,41.30285437,47.77267804,39.59434816,41.30164358,47.71872677,39.53888267,41.22518523,47.71774416,39.53787126,41.22377781,47.68914588,39.50915548,41.19588461,47.68912294,39.50909839,41.19604539,47.68939577,39.50936978,41.1963094,47.68895917,39.50896649,41.19629602,47.71965157,39.53992655,41.22694234,47.72033505,39.5406057,41.22759968,47.72087951,39.54120819,41.22814129,47.58095585,39.39728535,41.02952161,47.71988146,39.54013084,41.22683824,47.72004294,39.54029601,41.22705175
63900,47.67449503,39.49476151,41.18787742,47.67375767,39.4938745,41.18715411,47.67529913,39.49553533,41.18859825,47.67529913,39.49553533,41.18859825,47.67434985,39.49429593,41.18760218,47.72807505,39.54945272,41.26348334,47.72973893,39.55132564,41.26559838,47.73090487,39.55263389,41.26629937,47.730064,39.55176839,41.26509227,47.67556297,39.49575257,41.18805951,47.67457681,39.4947379,41.18665571,47.64570454,39.46574261,41.15844102,47.64567933,39.46568308,41.15859584,47.64595392,39.46595626,41.15886195,47.64551067,39.46554597,41.15883384,47.67648917,39.49679731,41.18980247,47.677178,39.49748187,41.19046608,47.67772707,39.49808889,41.19101291,47.53635457,39.35271415,40.99084691,47.67672331,39.49700596,41.18970881,47.67688504,39.49717134,41.18992177
64800,47.71725472,39.5610063,41.24649626,47.71654001,39.56016976,41.24578862,47.71806991,39.56179456,41.24723323,47.71806991,39.56179456,41.24723323,47.71714881,39.56063131,41.24626259,47.77074892,39.61562148,41.32212733,47.77237469,39.61742497,41.32417949,47.77350046,39.61866806,41.32489202,47.77268113,39.61782657,41.32373612,47.71833905,39.5620243,41.24679253,47.71737229,39.5610315,41.24543435,47.68853022,39.53204505,41.21703399,47.68850748,39.53199495,41.2171739,47.68877798,39.53226438,41.21743804,47.68833314,39.53184824,41.21736756,47.71922091,39.56300604,41.24840904,47.71990016,39.56368192,41.24906877,47.72043677,39.56426742,41.24960719,47.57943282,39.41940711,41.04955741,47.71945536,39.56321982,41.24834217,47.71961614,39.56338402,41.24855299
65700,47.68292369,39.5269801,41.22114002,47.6822031,39.52613769,41.22042683,47.68374619,39.52777585,41.22188439,47.68374619,39.52777585,41.22188439,47.6828213,39.52660937,41.2209107,47.73691709,39.58209217,41.29719962,47.73855032,39.58390256,41.29925444,47.7396808,39.58515015,41.29997512,47.73885603,39.58430321,41.29881547,47.68401137,39.52800138,41.22144013,47.68303995,39.52700402,41.22008139,47.65395974,39.49777626,41.19145865,47.65393662,39.49772578,41.19159691,47.65420837,39.49799647,41.19186229,47.65376134,39.49757808,41.19178769,47.68490214,39.52899212,41.22306451,47.68558525,39.52967189,41.22372796,47.68612499,39.53026037,41.22426922,47.54379946,39.38408532,41.02305083,47.68513794,39.5292072,41.22300161,47.68529893,39.52937159,41.22321184
66600,47.64873994,39.49308303,41.19518288,47.64801277,39.49223399,41.19446229,47.64957076,39.49388734,41.1959374,47.64957076,39.49388734,41.1959374,47.64864172,39.4927172,41.19495978,47.70327384,39.54873662,41.27178008,47.70491269,39.55055194,41.27383285,47.70605104,39.55180745,41.27456948,47.70522363,39.55095806,41.27341331,47.64984013,39.49411744,41.19551063,47.64886658,39.49311825,41.19415771,47.61951704,39.46361607,41.16523403,47.6194924,39.46356397,41.16536773,47.61976554,39.46383607,41.1656347,47.61931259,39.46341143,41.16554645,47.65073225,39.49510906,41.19712322,47.65141975,39.49579326,41.19779171,47.65196299,39.49638513,41.19833676,47.50822779,39.34879994,40.99572125,47.65097197,39.49532819,41.19707076,47.65113283,39.49549239,41.19727952
67500,47.61459539,39.45919954,41.16839864,47.61386171,39.45834396,41.16767093,47.61543433,39.46001221,41.16916278,47.61543433,39.46001221,41.16916278,47.61450107,39.45883831,41.16818123,47.66966902,39.51539404,41.24552871,47.67131351,39.51721437,41.24757981,47.67246017,39.51847825,41.24833271,47.67163037,39.51762671,41.24718037,47.61570756,39.46024652,41.16875168,47.61473157,39.45924518,41.16740336,47.58511323,39.42946959,41.13818591,47.5850871,39.42941591,41.13831534,47.58536161,39.4296894,41.13858386,47.58490296,39.42925874,41.13848296,47.61660142,39.46123942,41.17035422,47.61729326,39.46192801,41.17102757,47.61783999,39.46252327,41.17157631,47.47270043,39.31353298,40.96758478,47.61684475,39.46146229,41.17031097,47.61700558,39.46162641,41.17051861
68400,47.57745497,39.42275862,41.14759808,47.57671454,39.4218963,41.14686303,47.57830282,39.42358013,41.14837242,47.57830282,39.42358013,41.14837242,47.57736532,39.4224028,41.14738692,47.63305591,39.47947263,41.22512866,47.63470624,39.48129767,41.22717767,47.63586139,39.4825705,41.22794814,47.63502958,39.48171734,41.22680141,47.57858152,39.4238209,41.14798279,47.57760298,39.42281742,41.14663962,47.54757505,39.39262487,41.11700947,47.54754714,39.39256926,41.11713369,47.54782306,39.39284419,41.1174038,47.54735788,39.39240653,41.11728797,47.57947543,39.42481298,41.14956949,47.58017182,39.42550616,41.15024788,47.58072218,39.42610485,41.15080044,47.43421571,39.27577083,40.94578292,47.57972254,39.42503976,41.14953606,47.57988352,39.425204,41.14974302
69300,47.54336161,39.38887096,41.1196059,47.54261477,39.38800219,41.11886392,47.54421723,39.38970046,41.12038935,47.54421723,39.38970046,41.12038935,47.54327533,39.38851913,41.11939976,47.59949214,39.44611551,41.19765258,47.60114844,39.44794595,41.19970138,47.60231209,39.44922737,41.20048701,47.60147792,39.44837208,41.19934336,47.54450025,39.38994592,41.12001451,47.54351908,39.38894008,41.11867465,47.51321046,39.35846234,41.0887425,47.51318103,39.35840512,41.08886273,47.51345831,39.35868142,41.08913434,47.51298745,39.35823777,41.08900674,47.54539565,39.39093903,41.12159216,47.54609633,39.39163655,41.12227526,47.54665021,39.39223866,41.12283147,47.39876296,39.24052347,40.91647669,47.54564626,39.39116944,41.12156691,47.54580732,39.39133371,41.12177313
70200,47.50934374,39.3550391,41.09103685,47.50859052,39.35416392,41.09028802,47.51020704,39.35587649,41.09182921,47.51020704,39.35587649,41.09182921,47.50926066,39.35469104,41.09083546,47.56600328,39.41281376,41.16959836,47.56766566,39.41464973,41.17164749,47.56883797,39.41593991,41.17244798,47.56800155,39.41508261,41.17130738,47.51049469,39.35612697,41.09146921,47.50951084,39.3551187,41.09013218,47.47892081,39.32435536,41.05989954,47.47888983,39.32429649,41.06001586,47.47916845,39.32457415,41.06028895,47.47869177,39.32412437,41.06014956,47.51139135,39.35712086,41.09303781,47.51209632,39.35782271,41.09372558,47.51265373,39.35842827,41.09428545,47.36338834,39.20533417,40.88660006,47.51164544,39.35735489,41.09302036,47.51180664,39.35751925,41.09322603
71100,47.47540477,39.32126774,41.06195648,47.47464514,39.3203861,41.06120071,47.47627569,39.32211296,41.06275774,47.47627569,39.32211296,41.06275774,47.47532474,39.32092325,41.06175967,47.53259461,39.37957406,41.14103745,47.53426316,39.38141569,41.14308732,47.53544431,39.38271483,41.14390253,47.53460579,39.38185566,41.14276505,47.47656896,39.3223695,41.06241438,47.4755825,39.32135887,41.06108007,47.44470713,39.29030604,41.03053932,47.44467443,39.29024534,41.03065142,47.44495441,39.29052438,41.03092601,47.44447197,39.29006852,41.03077532,47.47746604,39.32336328,41.06397231,47.47817533,39.32406949,41.06466479,47.4787363,39.32467855,41.06522837,47.32807685,39.17018792,40.85616807,47.47772373,39.32360105,41.0639627,47.4778851,39.32376556,41.06416795
72000,47.29248484,39.09001694,40.89270704,47.29165024,39.08900575,40.89188088,47.29335637,39.09085539,40.89351022,47.29335637,39.09085539,40.89351022,47.29232289,39.0894881,40.89243057,47.35124674,39.14990007,40.9730515,47.35301045,39.15189782,40.97522091,47.35433919,39.15339618,40.97612952,47.35346603,39.15249935,40.97493565,47.2937429,39.09119831,40.89321284,47.29271713,39.09014492,40.89181427,47.26095941,39.05819154,40.86042541,47.26090684,39.05809755,40.86053352,47.26120094,39.0583901,40.86081986,47.26067756,39.05789974,40.86066196,47.29466001,39.09224362,40.89482323,47.29540713,39.09298597,40.89554774,47.29601028,39.09365531,40.89614946,47.14094681,38.93441286,40.68351692,47.29494094,39.09249553,40.89480997,47.29510595,39.09266407,40.89502117
72900,47.24277375,39.03991053,40.84035725,47.24192874,39.03888852,40.83951965,47.2436522,39.04075589,40.84116756,47.2436522,39.04075589,40.84116756,47.24260847,39.03937802,40.84007692,47.30204491,39.10030367,40.92122624,47.30382255,39.10231541,40.92340955,47.30516873,39.10383178,40.92433866,47.304292,39.10293161,40.92314486,47.24405085,39.04111152,40.84088983,47.24301845,39.04005158,40.83948516,47.21098186,39.00781745,40.80780143,47.21092648,39.0077204,40.80790505,47.21122271,39.00801511,40.80819365,47.21069075,39.00751583,40.80802281,47.24496908,39.04215755,40.84249467,47.24572259,39.04290634,40.84322593,47.24633175,39.04358177,40.84383406,47.08991283,38.88298069,40.62980552,47.24525373,39.04241322,40.84248583,47.24541998,39.04258304,40.84269907
73800,47.19341941,38.99017724,40.7885144,47.19256412,38.98914457,40.78766555,47.1943048,38.99102954,40.78933182,47.1943048,38.99102954,40.78933182,47.19325089,38.98964119,40.78823033,47.2531983,39.05107897,40.86990616,47.25498988,39.05310471,40.87210344,47.25635322,39.05463876,40.87305248,47.25547276,39.05373507,40.87185813,47.19471513,38.99139738,40.78907245,47.19367604,38.99033084,40.78766151,47.16136189,38.95781726,40.75568554,47.1613038,38.95771728,40.75578495,47.16160215,38.95801414,40.7560758,47.16106185,38.95750621,40.75589276,47.19563479,38.9924445,40.79067288,47.19639466,38.99319968,40.79141081,47.19700979,38.99388117,40.79202529,47.0392399,38.83192577,40.57660598,47.1959231,38.99270387,40.79066828,47.19609058,38.99287494,40.79088347
74700,47.14441289,38.9408072,40.73715765,47.14354744,38.93976401,40.73629775,47.14530523,38.94166645,40.73798218,47.14530523,38.94166645,40.73798218,47.14424124,38.94026772,40.73686996,47.20469796,39.00221603,40.81907038,47.20650348,39.00425578,40.82128169,47.20788372,39.00580723,40.82225011,47.20699938,39.00489985,40.82105469,47.14572684,38.94204607,40.73773999,47.14468102,38.94097285,40.73632264,47.11209058,38.90818111,40.70405688,47.11202988,38.90807831,40.70415234,47.11233033,38.90837728,40.70444542,47.11178191,38.90786096,40.70425083,47.14664823,38.94309459,40.73933701,47.14741442,38.94385614,40.74008158,47.14803549,38.94454363,40.74070234,46.98891903,38.78123818,40.52389733,47.14694014,38.9433576,40.73933652,47.14710882,38.9435299,40.73955357
75600,46.98100295,38.74963979,40.54677111,46.98007754,38.74852193,40.54585362,46.98189715,38.75049281,40.5475967,46.98189715,38.75049281,40.5475967,46.98076973,38.74898851,40.54642011,47.04254777,38.81239974,40.63015097,47.04443332,38.81455393,40.63247072,47.04591599,38.81622416,40.63349793,47.04500287,38.81528496,40.63225406,46.98238068,38.75093055,40.54737375,46.98129707,38.74981561,40.54589095,46.94804405,38.71629184,40.51299947,46.94796951,38.71617215,40.51309597,46.94828061,38.71648126,40.51339838,46.94770338,38.71594206,40.51320165,46.9833239,38.7520142,40.54902877,46.98411903,38.7528033,40.54979895,46.98477224,38.75353224,40.55044991,46.822128,38.586305,40.32956921,46.98362838,38.75228989,40.54901592,46.98380087,38.75246646,40.5492394
76500,46.92316956,38.69109056,40.48358287,46.92223214,38.6899607,40.48265243,46.92407092,38.69195055,40.48441518,46.92407092,38.69195055,40.48441518,46.92293109,38.69043353,40.48322527,46.98521806,38.75435777,40.56749458,46.98712055,38.75652907,40.5698323,46.9886238,38.75822017,40.57088231,46.98770558,38.75727601,40.56963504,46.92456653,38.69240084,40.48420716,46.92347471,38.69127775,40.48271572,46.88995048,38.65748194,40.44954591,46.88987276,38.65735872,40.44963779,46.89018634,38.65767033,40.44994277,46.88960032,38.65712205,40.44973502,46.92551349,38.69348811,40.48586411,46.92631592,38.69428453,40.48664179,46.92697608,38.69502053,40.4873001,47.34946921,39.07120158,40.68971402,46.92582185,38.69376764,40.48585497,46.92599596,38.6939459,40.4860811
77400,46.86580991,38.63304675,40.42119565,46.86486084,38.63190433,40.42025256,46.86671845,38.63391385,40.42203474,46.86671845,38.63391385,40.42203474,46.86556644,38.63238393,40.42083173,46.92836052,38.6968179,40.50563633,46.93027995,38.69900632,40.50799214,46.93180336,38.70071781,40.50906417,46.93087983,38.69976843,40.50781286,46.86722552,38.63437602,40.42184027,46.86612541,38.6332447,40.42033997,46.83233161,38.59917843,40.38689421,46.83225086,38.59905188,40.38698183,46.83256689,38.59936595,40.38728934,46.83197243,38.59880898,40.38707138,46.86817666,38.63546748,40.42350029,46.86898634,38.63627119,40.42428542,46.8696534,38.63701419,40.42495099,47.37585845,39.09616053,40.70153398,46.86848883,38.63575065,40.42349469,46.86866454,38.63593054,40.42372334
78300,47.36172539,39.08644665,40.75498699,47.3619778,39.08646409,40.75511031,47.36164888,39.08633915,40.75494709,47.36164888,39.08633915,40.75494709,47.36198076,39.08625869,40.75506042,46.87196173,38.63976494,40.44453885,46.87389811,38.64197047,40.44691283,46.87544129,38.64370198,40.4480062,46.87451223,38.64274719,40.4467503,47.36159705,39.08625544,40.75437102,47.36199268,39.08661256,40.75423826,47.37315816,39.09700025,40.76050473,47.37306775,39.09685251,40.76055452,47.37299699,39.09678311,40.760519,47.37305822,39.09686973,40.76081529,47.36112144,39.08593365,40.7546518,47.36093911,39.08575405,40.75455555,47.36081379,39.0857119,40.75451705,47.4033859,39.12233772,40.71583026,47.36114765,39.08592524,40.75441958,47.36113006,39.08591321,40.75448174
79200,47.14400288,38.79708174,40.46738527,47.14416846,38.79692107,40.4674422,47.14388464,38.796922,40.46728346,47.14388464,38.796922,40.46728346,47.14411146,38.79659033,40.46731165,47.12423162,38.77915083,40.47868488,47.12367917,38.77898366,40.47888744,47.12340343,38.77902366,40.47829534,47.12375454,38.77933665,40.47816797,47.1439319,38.79692452,40.4666378,47.14428519,38.79723139,40.46640614,47.15511466,38.80728674,40.47343791,47.15499383,38.80708149,40.47349989,47.15493544,38.80702364,40.47346599,47.15499617,38.80711879,40.4738637,47.14350655,38.79669996,40.4670834,47.14335204,38.79654629,40.46698977,47.14324721,38.7965551,40.46696029,47.18502455,38.83159651,40.42934199,47.14352039,38.79666967,40.46676645,47.1435074,38.79666316,40.46683664
80100,47.13140935,38.78184198,40.43931837,47.13156432,38.78167217,40.43937203,47.13129408,38.78168402,40.43921045,47.13129408,38.78168402,40.43921045,47.13150991,38.78134162,40.43923645,47.11180148,38.76404941,40.45029742,47.11125795,38.76389079,40.45048218,47.11100444,38.76395267,40.44990833,47.11135775,38.76426838,40.44980336,47.13135915,38.78170441,40.43859336,47.13170988,38.78200897,40.43837552,47.14245895,38.79198659,40.44562938,47.14233296,38.79177663,40.44568206,47.14227575,38.79171983,40.44564674,47.14232722,38.79180618,40.44603239,47.13092932,38.78147492,40.43901203,47.13077951,38.7813255,40.43891607,47.13068003,38.78133934,40.43888646,47.17191745,38.81590037,40.40166789,47.13094736,38.78144869,40.43870128,47.13093562,38.78144347,40.43877169
81000,47.11999066,38.76787951,40.41344198,47.12013448,38.76770004,40.413491,47.1198788,38.7677238,40.41332939,47.1198788,38.7677238,40.41332939,47.12008308,38.76737021,40.41335158,47.10058082,38.75026119,40.42419746,47.10004816,38.75011301,40.42437102,47.09981688,38.75019672,40.4238146,47.10017052,38.75051322,40.42372598,47.11996006,38.7677604,40.41273521,47.12030702,38.76806144,40.412527,47.13095818,38.77794354,40.41995139,47.13082743,38.77772917,40.41999605,47.13077158,38.77767361,40.41995978,47.13081449,38.77775187,40.42033571,47.1195282,38.76752848,40.41313484,47.11938351,38.76738376,40.41303779,47.11928967,38.76740291,40.41300898,47.15991793,38.80141574,40.37601274,47.11955009,38.76750597,40.4128289,47.11953967,38.7675021,40.41289986
81900,47.10970288,38.75514978,40.38959691,47.10983565,38.75496016,40.38964068,47.10959468,38.75499665,40.3894806,47.10959468,38.75499665,40.3894806,47.10978697,38.75463152,40.38949777,47.09051779,38.73773169,40.40020021,47.08999745,38.73759532,40.40036731,47.08978866,38.73770109,40.3998281,47.09014134,38.73801703,40.39975161,47.10969156,38.75504888,40.38890677,47.11003379,38.75534547,40.38870503,47.12057436,38.7651202,40.39626443,47.12043923,38.7649017,40.39630219,47.12038486,38.7648475,40.39626528,47.12041933,38.76491774,40.39663216,47.10925872,38.75481576,40.38929143,47.10911945,38.75467604,40.38919417,47.10903149,38.75470072,40.38916683,47.14900702,38.78812184,40.35228355,47.10928436,38.75479663,40.38898936,47.10927533,38.75479417,40.38906108
82800,46.66609339,38.16072158,39.84868689,46.66608172,38.16009902,39.84856793,46.66586147,38.16043675,39.84843556,46.66586147,38.16043675,39.84843556,46.66584553,38.159504,39.84822211,46.64567294,38.14158238,39.85755439,46.64538557,38.14184248,39.85805739,46.64553379,38.14261001,39.85771242,46.64582307,38.14285614,39.85749393,46.66617269,38.1606839,39.8478747,46.66642174,38.16087784,39.84747476,46.67755445,38.17139345,39.85630336,46.67737014,38.17103198,39.85633943,46.677325,38.1709871,39.85630607,46.67735298,38.17106035,39.85678324,46.6658063,38.1606349,39.84849943,46.66570781,38.16053514,39.84842589,46.66569246,38.16068318,39.84846334,46.70810762,38.1962693,39.81450965,46.66583257,38.16055734,39.84808813,46.66583449,38.16056691,39.84818059
83700,46.63356244,38.12527053,39.79832287,46.63353652,38.12464737,39.79819136,46.63333908,38.12498895,39.79807341,46.63333908,38.12498895,39.79807341,46.63330694,38.12404932,39.79784551,46.61342115,38.10647269,39.80730525,46.61315215,38.10675252,39.80781232,46.61333136,38.10753942,39.80750535,46.61361755,38.10778155,39.80729576,46.63366989,38.12525682,39.79754133,46.63391151,38.12544191,39.79714538,46.64490233,38.13574968,39.80598208,46.64471186,38.13538744,39.80600638,46.64466871,38.1353444,39.80597379,46.64468424,38.13540724,39.80643456,46.63330407,38.12520663,39.79815438,46.63321438,38.12511512,39.79808617,46.63320856,38.12527227,39.79813083,46.67480559,38.15995257,39.76364934,46.63333808,38.12513969,39.79775385,46.63334246,38.12515203,39.79784886
84600,46.60197633,38.09074746,39.74988938,46.60193503,38.090114,39.74974488,46.60176226,38.09047329,39.74964266,46.60176226,38.09047329,39.74964266,46.60171295,38.08951892,39.7493999,46.58212922,38.07227278,39.75902229,46.58187976,38.07257327,39.75953575,46.5820896,38.07337999,39.75926556,46.5823711,38.07361663,39.75906141,46.60211048,38.09075805,39.74913487,46.60234386,38.0909345,39.74874115,46.61319152,38.10111048,39.75756689,46.61299472,38.10074133,39.75758034,46.61295371,38.10070033,39.75754873,46.61295755,38.10075191,39.75799517,46.60174781,38.09071101,39.74974134,46.60166722,38.09062818,39.74967896,46.60167114,38.09079524,39.74973114,46.64242591,38.12470183,39.71465109,46.60178906,38.0906521,39.74935093,46.60179584,38.09066702,39.74944836
85500,46.57131051,38.05727646,39.70321086,46.57125307,38.05662644,39.70305287,46.57110618,38.05701181,39.70296817,46.57110618,38.05701181,39.70296817,46.57103911,38.05603854,39.70270989,46.55176871,38.03907661,39.71251365,46.55153915,38.03939913,39.71304353,46.55178106,38.04023611,39.71280143,46.55205729,38.04046756,39.71259371,46.57147124,38.05731194,39.70247004,46.57169648,38.05748011,39.70206893,46.58239401,38.06752039,39.71085742,46.58219095,38.06714506,39.71086414,46.58215217,38.06710621,39.71083385,46.58214454,38.06714704,39.71127371,46.57111269,38.05727005,39.70308518,46.57104144,38.05719623,39.7030293,46.57105526,38.05737361,39.70308945,46.61092726,38.09045888,39.66738455,46.57116135,38.0572183,39.70269942,46.57117042,38.05723561,39.70280026
86400,47.03491223,38.61370974,40.17909636,47.03487992,38.61331088,40.17900553,47.03483626,38.61356638,40.17896671,47.03483626,38.61356638,40.17896671,47.03483012,38.61293927,40.17881695,47.01949226,38.59951812,40.19153427,47.0192165,38.59965355,40.19188457,47.01934907,38.60014703,40.19162595,47.0196413,38.60040769,40.19154831,47.03513497,38.61381999,40.17858731,47.03536961,38.61401324,40.17830687,47.04414784,38.62214784,40.18534437,47.04396059,38.62186294,40.18532552,47.04394221,38.62184146,40.18531026,47.04387617,38.62182017,40.18558891,47.03475395,38.61365824,40.17897995,47.0347036,38.61360009,40.178938,47.03469877,38.61371553,40.178972,47.06462608,38.63816957,40.13620233,47.03481517,38.61366065,40.17868953,47.03482713,38.613679,40.17878677
