,1,,,2,,,3,,,4,,,5,,,6,,,7,,,8,,,9,,,10,,
,169,204,275,169,204,275,169,204,275,169,204,275,169,204,275,169,204,275,169,204,275,169,204,275,169,204,275,169,204,275
0,46.38706059,37.96486174,39.64503785,46.38725335,37.96503056,39.64518456,46.38714354,37.96493456,39.64506553,46.3871228,37.96491541,39.64504961,46.38630229,37.96362455,39.64435452,46.3866089,37.9639457,39.64503511,46.38639194,37.96374897,39.64480446,46.38747897,37.96527103,39.64561847,46.3870516,37.96482336,39.64467042,46.38709667,37.96487058,39.64477041
900,46.42372045,38.00032213,39.65851328,46.42392431,38.00050237,39.65867229,46.42381624,38.00040698,39.6585515,46.42379394,38.00038628,39.65853397,46.42292086,37.99904153,39.65778031,46.42324776,37.99938426,39.6584798,46.42301778,37.999174,39.65823459,46.42417335,38.00076651,39.65912812,46.42370885,38.00027949,39.65813403,46.42375739,38.00033038,39.65823787
1800,46.46085695,38.03628085,39.67452958,46.46107206,38.03647263,39.67470083,46.46096593,38.03637815,39.67457881,46.46094205,38.03635585,39.67455966,46.46001588,38.03495656,39.67374784,46.46036382,38.03532162,39.67446826,46.46012042,38.03509742,39.67420793,46.46134418,38.0367601,39.67517772,46.46084125,38.03623235,39.6741349,46.46089353,38.03628721,39.67424322
2700,46.49835101,38.07261891,39.69267561,46.4985775,38.07282237,39.69285913,46.49847358,38.07272907,39.69273635,46.49844809,38.07270516,39.69271557,46.49746842,38.07125084,39.69184563,46.49783792,38.07163872,39.69258803,46.49758075,38.07140024,39.69231211,46.4988724,38.07313278,39.693356,46.49833009,38.07256341,39.69226332,46.49838634,38.07262247,39.69237658
3600,47.39125262,39.21643498,40.19221365,47.39168546,39.21684654,40.19257997,47.39152955,39.21669664,40.19238143,47.39147996,39.21664882,40.19233941,47.38948485,39.21414007,40.19061371,47.39019546,39.21487591,40.19192623,47.38971183,39.21440829,40.19141704,47.39233303,39.21750826,40.19357467,47.391339,39.21647899,40.19174115,47.39143948,39.21658303,40.19192622
4500,47.45972739,39.2843702,40.2397066,47.46017229,39.28479399,40.24008586,47.46002692,39.28465383,40.23989447,47.45997537,39.28460405,40.23985049,47.45792983,39.28204272,40.23806877,47.45866327,39.2828027,40.23941563,47.45816462,39.28231965,40.23888728,47.460848,39.28548409,40.2411095,47.45980734,39.2844058,40.23919915,47.45991273,39.284515,40.23939237
5400,47.52847609,39.35257162,40.28848498,47.52893304,39.35300763,40.2888771,47.52879836,39.35287738,40.28869313,47.52874484,39.35282563,40.28864718,47.526649,39.35021188,40.28681005,47.52740507,39.35099576,40.28819038,47.52689146,39.35049733,40.28764313,47.52963669,39.35372587,40.2899289,47.5285493,39.35259849,40.28794227,47.52865956,39.3527128,40.2881435
6300,47.59741224,39.42095449,40.33839339,47.59788122,39.42140267,40.33879822,47.59775735,39.42128247,40.33862193,47.59770187,39.42122875,40.33857404,47.59555588,39.4185627,40.33668217,47.59633432,39.41937015,40.33809498,47.59580586,39.41885649,40.3375292,47.59861274,39.42214896,40.33987773,47.59747842,39.4209723,40.33781516,47.59759347,39.42109164,40.33802413
7200,48.34409839,40.19343217,41.10938639,48.34452832,40.19384481,41.10977043,48.34448024,40.19379607,41.10966875,48.34442718,40.1937445,41.10962144,48.34247872,40.19145446,41.10785751,48.34321275,40.19221004,41.10910066,48.34271569,40.19172525,41.10855827,48.34523463,40.1945596,41.11072138,48.34418484,40.19347901,41.1089437,48.34430499,40.19360271,41.10914931
8100,48.44548521,40.29499678,41.20475846,48.44592444,40.29541885,41.20515272,48.44588671,40.29538002,41.20505962,48.44583206,40.29532687,41.20501067,48.44384612,40.29299896,41.2032043,48.44459852,40.29377355,41.20447233,48.44408841,40.29327538,41.203913,48.44664761,40.29615031,41.20611556,48.44555342,40.2950238,41.20426839,48.44567891,40.29515304,41.20448238
9000,48.54668427,40.3963619,41.30033479,48.54713272,40.39679332,41.30073911,48.54710545,40.39676453,41.30065479,48.54704923,40.39670979,41.30060422,48.54502618,40.3943444,41.29875621,48.5457966,40.39513761,41.30004828,48.54527367,40.39462633,41.29947252,48.54787304,40.39754172,41.30171437,48.54673576,40.39637069,41.29980067,48.54686643,40.39650526,41.30002265
9900,48.64766704,40.49749947,41.3960564,48.64812465,40.49794018,41.39647065,48.64810794,40.49792153,41.39639529,48.64805015,40.49786523,41.3963431,48.64599036,40.49546269,41.39445414,48.64677847,40.49627419,41.39576953,48.64624294,40.49575001,41.3951778,48.64888235,40.49870576,41.3974588,48.64770315,40.49749139,41.39548113,48.64783883,40.49763115,41.39571077
10800,48.72798178,40.57837938,41.43085517,48.72844312,40.57882419,41.43127413,48.72843819,40.57881688,41.43120934,48.72837947,40.57875962,41.43115616,48.72630609,40.57635206,41.42924961,48.72710282,40.57717249,41.43057448,48.72656048,40.57664103,41.4299727,48.729208,40.57959664,41.43226042,48.72799596,40.57834829,41.43023106,48.72813564,40.57849219,41.43046702
11700,48.82801917,40.67852317,41.52617852,48.82848946,40.67897704,41.52660709,48.8284951,40.67897992,41.52655144,48.82843483,40.67892112,41.52649668,48.82632568,40.67647736,41.5245507,48.8271394,40.67731532,41.52589744,48.82658494,40.67677147,41.52528063,48.82927193,40.6797669,41.52760703,48.82802035,40.67847771,41.52551885,48.82816474,40.67862648,41.52576181
12600,48.92778526,40.77838666,41.62152652,48.92826446,40.77884955,41.62196462,48.92828075,40.77886272,41.62191824,48.92821894,40.77880237,41.62186191,48.92607428,40.77632267,41.619877,48.92690477,40.77717791,41.62124509,48.92633834,40.77662183,41.62061359,48.92906467,40.77965696,41.62297851,48.92777431,40.77832774,41.62083333,48.92792331,40.77848127,41.62108305
13500,49.02726499,40.87795514,41.71686385,49.02775305,40.878427,41.71731137,49.02778007,40.87845056,41.71727442,49.02771672,40.87838868,41.71721652,49.02553681,40.87587328,41.71519315,49.02638386,40.87674558,41.71658212,49.02580559,40.87617741,41.7159362,49.02857114,40.87925211,41.71833952,49.02724267,40.87788356,41.71613894,49.02739619,40.87804176,41.71639522
14400,50.26231373,42.16112901,43.09723457,50.26268557,42.16149213,43.0975901,50.26281086,42.16160931,43.09766563,50.26275909,42.16155847,43.09761652,50.26113329,42.15980642,43.09605468,50.26179595,42.16048044,43.09703374,50.26133807,42.16002803,43.09651537,50.26333916,42.1621441,43.09830815,50.2621953,42.16098086,43.09657208,50.26233308,42.16112096,43.096784
15300,48.52198789,40.49333066,41.59733045,48.52205118,40.49339005,41.59739441,48.52224639,40.49357845,41.59753938,48.52220693,40.49353949,41.59750148,48.52160018,40.49280228,41.59689677,48.52189005,40.49311129,41.5975138,48.52165426,40.49287568,41.59720026,48.52233746,40.4936804,41.59774046,48.52188812,40.49319489,41.59663155,48.52188368,40.49319522,41.59671022
16200,48.56820668,40.5408192,41.65170917,48.56827488,40.54088333,41.65177729,48.56847639,40.54107809,41.65192851,48.56843621,40.54103842,41.65188994,48.56781266,40.54028563,41.65127087,48.56810997,40.54060191,41.65189362,48.56786877,40.540361,41.65157536,48.56857089,40.54118314,41.65213112,48.56810304,40.54067919,41.65100421,48.56810104,40.54068192,41.65108489
17100,48.6140742,40.58788925,41.70550178,48.61414717,40.587958,41.70557396,48.61435499,40.58815912,41.70573144,48.6143141,40.58811876,41.70569221,48.61367417,40.58735074,41.70505911,48.61397879,40.58767415,41.70568747,48.61373227,40.58742804,41.70536458,48.61445276,40.58826712,41.7059355,48.61396665,40.58774499,41.70479087,48.61396704,40.58775008,41.70487353
18000,48.45147768,40.4093749,41.4918373,48.45154304,40.40943589,41.49190299,48.45173308,40.40961993,41.49203908,48.45169302,40.40958036,41.49200068,48.45104894,40.40878253,41.49136412,48.45134859,40.40910597,41.49204748,48.45110872,40.40886585,41.49172124,48.45184299,40.40974252,41.49229174,48.45138585,40.40924029,41.49108097,48.45138011,40.40924035,41.49116795
18900,48.47050013,40.4298941,41.51941058,48.47056899,40.42995848,41.51947913,48.47076644,40.4301499,41.51962223,48.47072574,40.4301097,41.51958325,48.47006972,40.42930116,41.51893656,48.47037484,40.42963004,41.51962415,48.47013094,40.42938591,41.51929416,48.47087817,40.43027406,41.51987426,48.47040645,40.42975692,41.51864667,48.47040249,40.42975878,41.51873533
19800,48.48910957,40.44990295,41.54630417,48.48918187,40.44997067,41.54637553,48.48938678,40.45016952,41.54652571,48.48934545,40.4501287,41.54648614,48.48867765,40.4493096,41.54582942,48.48898819,40.44964388,41.54652123,48.48874029,40.44939576,41.54618752,48.48950026,40.45029519,41.54677712,48.48901412,40.44976331,41.54553299,48.48901192,40.44976695,41.54562331
20700,48.50725959,40.46937351,41.5724781,48.50733532,40.46944454,41.57255229,48.50754783,40.46965093,41.57270968,48.50750586,40.46960947,41.57266953,48.50682664,40.46877989,41.57200305,48.50714268,40.46911957,41.57269917,48.50689073,40.46886747,41.5723617,48.50766307,40.4697781,41.57296057,48.50716231,40.46923148,41.57169982,48.5071619,40.4692369,41.57179181
21600,48.68401422,40.65166925,41.76131356,48.68412366,40.65177287,41.76141606,48.68435235,40.65199547,41.76159194,48.68430644,40.6519502,41.76154827,48.6835168,40.65102465,41.7607886,48.68388263,40.65141034,41.76150215,48.68359408,40.65112308,41.76113713,48.68449402,40.65214654,41.76184795,48.68388077,40.65149429,41.76052811,48.68389671,40.65151514,41.76063002
22500,48.72611916,40.69442119,41.80872833,48.72623361,40.69452975,41.80883533,48.72646935,40.69475942,41.80901812,48.72642265,40.69471336,41.8089737,48.7256155,40.69377093,41.80819809,48.72598929,40.69416452,41.80891846,48.72569496,40.69387152,41.80854808,48.7266145,40.69491378,41.80927617,48.72598156,40.69424174,41.80793639,48.72600002,40.6942651,41.80804056
23400,48.76776165,40.73667472,41.85552351,48.76788112,40.73678823,41.85563502,48.7681239,40.73702494,41.85582475,48.76807641,40.7369781,41.85577956,48.76725178,40.7360188,41.85498798,48.7676335,40.73642027,41.85571517,48.76733342,40.73612154,41.85533945,48.76827251,40.73718263,41.85608489,48.76761995,40.73649085,41.85472529,48.76764091,40.73651671,41.8548317
24300,48.80894334,40.77843334,41.90170477,48.80906781,40.7785518,41.9018208,48.80931762,40.77879555,41.90201746,48.80926934,40.77874792,41.90197151,48.80842728,40.77777176,41.90116392,48.80881691,40.77818109,41.90189796,48.80851109,40.77787664,41.90151689,48.80946972,40.77895656,41.90227978,48.80879759,40.77824511,41.90090048,48.80882104,40.77827347,41.90100912
25200,48.70387813,40.64730279,41.72654671,48.70401956,40.64743638,41.72667463,48.70423999,40.64765172,41.72683896,48.70418904,40.64760162,41.72679125,48.70325442,40.64650535,41.725916,48.70367015,40.64694463,41.72674754,48.70334813,40.64662498,41.72634482,48.70443204,40.64785451,41.72718804,48.70373316,40.64711022,41.72567395,48.70375799,40.64714053,41.72579402
26100,48.73286605,40.67644862,41.75702777,48.73301473,40.67658941,41.75716238,48.73324302,40.67681248,41.75733405,48.73319086,40.67676117,41.75728516,48.73222905,40.67563784,41.75638418,48.73265713,40.67608953,41.75722803,48.73232654,40.67576128,41.75681666,48.73344198,40.67702209,41.75768821,48.73271515,40.67624955,41.75614315,48.73274342,40.67628332,41.75626687
27000,48.76154051,40.7052717,41.78716125,48.76169639,40.70541965,41.78730254,48.76193262,40.70565054,41.78748166,48.76187926,40.70559803,41.78743161,48.76089049,40.70444785,41.78650498,48.7613308,40.70491182,41.78736103,48.76099169,40.70457503,41.78694108,48.7621384,40.70586688,41.7878409,48.76138391,40.70506639,41.78626528,48.76141559,40.70510359,41.78639262
27900,48.78991163,40.73378261,41.8169577,48.79007466,40.73393769,41.81710568,48.79031893,40.73417648,41.81729234,48.79026437,40.73412278,41.81724112,48.78924884,40.73294596,41.81628897,48.78970125,40.73342208,41.81715711,48.78935371,40.73307683,41.81672863,48.79053143,40.73439946,41.81765668,48.78974956,40.73357131,41.8160509,48.78978462,40.73361191,41.8161818
28800,48.8891802,40.84354886,41.91939761,48.88934815,40.84370972,41.91955192,48.88961948,40.84397499,41.91976604,48.88956341,40.8439197,41.91971311,48.88854588,40.84275323,41.91874932,48.88900621,40.84323572,41.91959098,48.88865219,40.84288334,41.91915827,48.88982321,40.84418834,41.92009549,48.88900788,40.84332856,41.91850254,48.88904817,40.84337424,41.91863451
29700,48.92450109,40.8791053,41.95735434,48.92467488,40.87927196,41.95751416,48.92495406,40.87954505,41.95773594,48.92489702,40.87948879,41.95768204,48.92385875,40.87830185,41.95669839,48.92432847,40.87879371,41.95754896,48.92396772,40.87843461,41.95710966,48.92516235,40.87976286,41.95806894,48.92432478,40.87888073,41.95645287,48.92436788,40.87892921,41.95658756
30600,48.9594614,40.91428789,41.99487359,48.95964102,40.91446036,41.99503892,48.95992804,40.91474126,41.99526837,48.95987003,40.91468402,41.99521351,48.95881105,40.91347664,41.99420997,48.95929012,40.91397784,41.99506942,48.95892267,40.91361204,41.99462356,48.96014089,40.91496354,41.99560498,48.95928124,40.9140592,41.993966,48.95932712,40.91411047,41.99410339
31500,48.99406981,40.94910611,42.03196606,48.99425525,40.94928436,42.03213692,48.99455012,40.94957307,42.03237405,48.99449115,40.94951487,42.03231823,48.99341151,40.94828708,42.03129481,48.9938999,40.94879757,42.03216313,48.99352577,40.94842509,42.03171071,48.99476756,40.94979984,42.03271435,48.99388593,40.94887344,42.03105263,48.99393458,40.94892748,42.0311927
32400,48.85737819,40.80584556,41.89580773,48.85754577,40.80600461,41.89596074,48.85781359,40.80626596,41.89616905,48.85775804,40.80621135,41.89611662,48.85673457,40.80502637,41.89515283,48.85719223,40.80550788,41.89603701,48.85683972,40.80515802,41.89559999,48.85802335,40.80648526,41.89653071,48.85722056,40.80563523,41.89486582,48.85725825,40.80567849,41.89500192
33300,48.85767794,40.80708019,41.90057597,48.85785094,40.80724464,41.90073407,48.858126,40.80751307,41.90094911,48.85806953,40.80745753,41.90089578,48.8570254,40.80625205,41.89991213,48.8574925,40.80674306,41.90080566,48.85713351,40.80638669,41.90036191,48.85834114,40.80773767,41.90131407,48.85751647,40.80686541,41.89962377,48.85755672,40.80691126,41.89976275
34200,48.85710353,40.80738732,41.90433835,48.85728198,40.80755719,41.90450155,48.85756434,40.80783276,41.90472341,48.85750693,40.80777628,41.90466916,48.85644205,40.8065502,41.90366555,48.85691861,40.80705074,41.90456843,48.85655312,40.80668784,41.90411794,48.85778486,40.80806266,41.90509173,48.85693824,40.80716812,41.90337617,48.85698107,40.80721658,41.90351803
35100,48.85568765,40.80680029,41.9071268,48.85587132,40.80697534,41.90729491,48.85616071,40.80725777,41.90752334,48.8561024,40.80720041,41.90746822,48.8550177,40.80595469,41.90644551,48.85550328,40.80646429,41.90735729,48.85513158,40.80609516,41.90690037,48.85638635,40.80749271,41.90789488,48.85551877,40.80657694,41.90615518,48.85556407,40.80662788,41.9062998
36000,48.86014292,40.81458592,41.94937781,48.86033821,40.81477309,41.94955764,48.86064597,40.81507379,41.94980384,48.86058557,40.81501427,41.9497466,48.85945709,40.8137257,41.94867874,48.85996332,40.81425616,41.94960308,48.85957753,40.81387243,41.94913286,48.86088245,40.81531985,41.95018099,48.85996633,40.81435487,41.94840762,48.86001741,40.81441169,41.94855685
36900,48.85945097,40.81467965,41.9530258,48.85965122,40.81487173,41.95321035,48.85996686,40.81518019,41.95346404,48.8599056,40.81511981,41.95340594,48.85875886,40.81381327,41.95232031,48.85927346,40.81435209,41.95325282,48.8588818,40.81396251,41.95277654,48.86020763,40.81543042,41.9538438,48.8592718,40.81444555,41.95204783,48.85932525,40.81450476,41.95219965
37800,48.85798508,40.81394679,41.95575236,48.85819105,40.81414457,41.95594236,48.85851575,40.81446202,41.95620465,48.85845349,40.81440065,41.95614559,48.85728564,40.81307318,41.9550395,48.85780993,40.81362173,41.9559814,48.85741146,40.81322531,41.95549819,48.85876136,40.814717,41.95658761,48.85780285,40.81370918,41.95476645,48.85785906,40.81377117,41.95492121
38700,48.85527105,40.81189528,41.95711452,48.85548621,40.81210235,41.9573132,48.85582557,40.81243461,41.95758941,48.85576172,40.81237162,41.9575288,48.85455995,40.81100995,41.95639025,48.85509962,40.81157411,41.95734684,48.85469028,40.81116665,41.95685293,48.85607885,40.81269726,41.95797825,48.85508374,40.81165209,41.95611898,48.85514435,40.81171855,41.95627819
39600,48.79709356,40.74669522,41.88012366,48.79734184,40.74693448,41.88034898,48.79770079,40.747288,41.88064152,48.79763318,40.7472212,41.88057773,48.79629402,40.74571359,41.87932998,48.79688835,40.7463339,41.88036679,48.7964402,40.74588828,41.87983725,48.79799373,40.74759028,41.88108629,48.79687889,40.74642226,41.87906117,48.79695286,40.74650227,41.8792358
40500,48.77757748,40.72753295,41.86348726,48.77783336,40.72777983,41.86372014,48.77820039,40.72814125,41.86402069,48.77813169,40.72807336,41.86395579,48.77676296,40.72653602,41.86267811,48.77737003,40.72716919,41.8637286,48.77691292,40.72671454,41.86318921,48.77850112,40.72845132,41.86447133,48.77735731,40.72725389,41.8624119,48.7774347,40.72733737,41.86259071
41400,48.75793234,40.70822015,41.84654344,48.7581957,40.70847452,41.8467838,48.75857105,40.70884411,41.84709258,48.75850126,40.70877513,41.84702656,48.7571036,40.70720874,41.84571955,48.75772317,40.70785452,41.84678344,48.75725724,40.70739097,41.84623438,48.75887926,40.70916165,41.84754897,48.75770697,40.70793535,41.84545624,48.75778774,40.70802225,41.84563912
42300,48.73817928,40.68877934,41.82932183,48.73845004,40.68904111,41.82956958,48.73883391,40.68941906,41.82988676,48.73876302,40.689349,41.82981963,48.73733701,40.68775414,41.82848381,48.73796887,40.68841231,41.82956082,48.73749425,40.68794,41.82900229,48.73914932,40.6897438,41.83034885,48.73794903,40.68848914,41.82822373,48.73803315,40.68857943,41.82841059
43200,48.74391588,40.69902553,41.88809892,48.74418589,40.6992867,41.88834772,48.74457612,40.69967038,41.88867209,48.7445051,40.6996002,41.88860459,48.74308566,40.69801534,41.88726698,48.74371598,40.6986713,41.88833341,48.74324248,40.69820009,41.88777592,48.74488931,40.69999285,41.88912883,48.74369461,40.69874546,41.88703509,48.74377861,40.69883549,41.8872203
44100,48.72918243,40.68473434,41.87656923,48.72945989,40.68500298,41.87682527,48.72985996,40.68539642,41.87715909,48.72978781,40.68532511,41.87709048,48.72834051,40.68371231,41.87572536,48.72898297,40.68438051,41.87680401,48.72850081,40.68390057,41.87623751,48.73018003,40.68572575,41.87762102,48.72895783,40.6844505,41.87549627,48.72904519,40.68454393,41.8756852
45000,48.71412801,40.67009234,41.86456712,48.71441272,40.67036824,41.86483024,48.71482258,40.6707714,41.86517347,48.71474931,40.67069897,41.86510376,48.71327504,40.66905914,41.86371193,48.71392928,40.66973919,41.86480245,48.71343869,40.66925077,41.86422717,48.71514919,40.67110724,41.86564046,48.71390023,40.66980491,41.86348581,48.71399087,40.66990165,41.86367839
45900,48.69880331,40.65515251,41.85214117,48.69909515,40.65543555,41.85241136,48.69951477,40.65584841,41.85276414,48.6994404,40.65577488,41.85269332,48.69793975,40.65410863,41.85127492,48.69860553,40.6548003,41.85237727,48.69810667,40.65430355,41.85179325,48.69984769,40.65619053,41.85323614,48.6985724,40.65486158,41.85105187,48.69866628,40.6549616,41.85124808
46800,48.71665635,40.67977119,41.89016178,48.71694048,40.68004719,41.89042802,48.71736133,40.68046,41.89078422,48.71728775,40.68038725,41.89071373,48.71581996,40.67876215,41.88931139,48.71647372,40.67944081,41.89038181,48.71598367,40.67895235,41.88980492,48.717684,40.68079184,41.89123114,48.71643321,40.67948911,41.8891037,48.71652456,40.67958649,41.88929586
47700,48.71591995,40.67983029,41.8927095,48.71620798,40.68011014,41.89297972,48.71663682,40.68053086,41.8933438,48.71656256,40.68045744,41.89327261,48.71508202,40.67882,41.89185679,48.71574178,40.67950459,41.89293314,48.71524725,40.6790117,41.89235162,48.71696183,40.68086492,41.89379279,48.71569683,40.67954803,41.89165014,48.71579006,40.67964727,41.89184418
48600,48.71435053,40.67900487,41.89433439,48.71464306,40.67928919,41.89460914,48.71508103,40.67971902,41.89498216,48.715006,40.67964484,41.89491019,48.71351071,40.67799297,41.8934791,48.7141774,40.67868446,41.89456222,48.71367769,40.67818641,41.89397543,48.7154087,40.68005562,41.8954335,48.71412739,40.67872241,41.89327377,48.71422278,40.67882382,41.89346996
49500,48.7112122,40.67653228,41.89435096,48.71151324,40.6768252,41.89463394,48.71196855,40.67727265,41.89502357,48.71189204,40.67719697,41.89495017,48.71036849,40.67551671,41.89349136,48.71104818,40.67622136,41.89458684,48.71053872,40.67571341,41.89399053,48.7123012,40.67761418,41.89547934,48.71098894,40.67624952,41.89328889,48.7110884,40.67635507,41.89348899
50400,48.76306908,40.741648,42.01197985,48.76337488,40.74194737,42.01227168,48.76388096,40.74244545,42.01271209,48.76380242,40.74236758,42.01263625,48.76228297,40.74070443,42.011162,48.76296628,40.74141173,42.01222461,48.76245215,40.74089775,42.01162543,48.76420173,40.7427752,42.01313646,48.76287154,40.74139388,42.01099478,48.76297475,40.74150318,42.01119328
51300,48.77138358,40.75086171,42.02505469,48.77169229,40.75116389,42.02534943,48.77220597,40.7516696,42.02579778,48.77212688,40.7515912,42.02572138,48.77059912,40.7499205,42.02423867,48.77128632,40.75063148,42.02530433,48.77076911,40.75011454,42.02470227,48.77252779,40.7520002,42.02622287,48.77118774,40.75060936,42.02407179,48.77129228,40.75071994,42.02427135
52200,48.77902784,40.75935376,42.0372833,48.77933953,40.75965881,42.03758103,48.77986094,40.76017228,42.03803745,48.7797813,40.76009333,42.03796046,48.77824495,40.7584148,42.03646906,48.77893615,40.75912958,42.03753787,48.77841577,40.75860959,42.03693287,48.78018387,40.7605038,42.03846332,48.77883371,40.75910319,42.03630269,48.77893961,40.75921508,42.03650332
53100,48.78599782,40.76711976,42.04866576,48.78631258,40.76742779,42.04896656,48.78684186,40.76794918,42.04943115,48.78676164,40.76786966,42.04935358,48.78521636,40.76618292,42.04785319,48.78591169,40.76690164,42.04892529,48.78538806,40.7663785,42.04831726,48.78716597,40.76828167,42.04985789,48.78580539,40.766871,42.0476875,48.78591269,40.76698424,42.04788926
54000,48.06572364,39.86927427,41.52131988,48.06608252,39.86962469,41.52164972,48.06664163,39.87017933,41.52213763,48.06655468,39.87009306,41.52205566,48.06490799,39.86821751,41.52046551,48.06569505,39.869029,41.52159208,48.06509935,39.86843368,41.52091477,48.06692989,39.87047098,41.52243213,48.06520962,39.8686898,41.51981176,48.06535955,39.86884656,41.52006367
54900,48.0095994,39.8130981,41.47544705,48.00996243,39.81345272,41.47578168,48.01052768,39.81401367,41.47627711,48.01044004,39.8139267,41.47619433,48.00877833,39.81203495,41.47458713,48.00957199,39.8128528,41.47572386,48.00897148,39.81225272,41.47504071,48.01081837,39.81430773,41.47657611,48.00907905,39.81250802,41.47392851,48.00923097,39.81266668,41.47418293
55800,47.95353965,39.75696937,41.42895321,47.95390678,39.75732815,41.4292925,47.95447807,39.75789529,41.42979516,47.95438976,39.75780764,41.4297116,47.95271318,39.75589997,41.42808785,47.95351385,39.7567246,41.42923601,47.95290846,39.75611969,41.4285468,47.95477129,39.75819187,41.43009882,47.95301222,39.75637296,41.42742162,47.95316621,39.75653361,41.42767882
56700,47.89752814,39.7008747,41.38176154,47.89789963,39.70123787,41.38210629,47.89847736,39.70181158,41.3826175,47.89838834,39.70172321,41.38253302,47.89669608,39.69979894,41.38089014,47.89749957,39.70062627,41.38203628,47.89689041,39.70001762,41.38134454,47.89877333,39.70211091,41.38292644,47.89700429,39.70028228,41.38025122,47.89715928,39.70044388,41.38050778
57600,47.95579421,39.76429709,41.42248014,47.95616036,39.76465568,41.42282371,47.956749,39.7652406,41.42334799,47.95665949,39.76515171,41.42326268,47.95499344,39.76325924,41.42163189,47.95578421,39.764073,41.42275788,47.95518564,39.76347454,41.4220767,47.95704408,39.76553925,41.42366503,47.95533276,39.76377173,41.42109697,47.95548256,39.76392787,41.42134464
58500,47.90850605,39.71700009,41.38403695,47.90887613,39.71736265,41.38438518,47.90947087,39.7179538,41.38491735,47.90938069,39.71786423,41.38483121,47.90770077,39.71595731,41.38318449,47.90849502,39.71677439,41.38431108,47.90789279,39.71617231,41.38362712,47.90976819,39.71825469,41.3852386,47.90804571,39.71647637,41.38266605,47.90819673,39.71663366,41.38291388
59400,47.86124872,39.6697205,41.34472889,47.8616228,39.67008707,41.3450819,47.86222368,39.67068449,41.34562216,47.86213283,39.67059424,41.34553517,47.8604389,39.66867276,41.34387211,47.86123591,39.66949249,41.3449965,47.86063021,39.66888699,41.34431052,47.86252343,39.67098781,41.34594792,47.86079293,39.66920176,41.34338193,47.86094477,39.66935982,41.34362855
60300,47.8140641,39.6225015,41.30468396,47.81444212,39.62287203,41.3050416,47.81504908,39.62347565,41.3055896,47.81495756,39.62338472,41.30550179,47.8132497,39.62144881,41.30382284,47.81405003,39.62227173,41.30494662,47.81344075,39.6216627,41.3042583,47.81535138,39.62378152,41.30592008,47.81361156,39.62198645,41.30335676,47.81376436,39.62214542,41.30360261
61200,47.80588169,39.62598855,41.29897362,47.80625598,39.62635613,41.29933041,47.80687323,39.62696995,41.29989,47.80678205,39.6268793,41.2998021,47.80509176,39.62497478,41.29813246,47.80588427,39.62578875,41.29923437,47.80528009,39.62518437,41.29855182,47.80716821,39.62726824,41.30021019,47.80544973,39.6254974,41.29770716,47.80560121,39.6256548,41.29794869
62100,47.76249951,39.582669,41.26308268,47.76287733,39.58304013,41.2634435,47.76350049,39.58365999,41.2640106,47.76340871,39.58356873,41.26392197,47.76170638,39.58165186,41.26223899,47.76250181,39.58246861,41.26334015,47.76189449,39.58186115,41.26265577,47.76379755,39.58396037,41.26433493,47.76207073,39.58218151,41.26183472,47.7622231,39.58233974,41.26207547
63000,47.71921513,39.5394319,41.22652198,47.71959648,39.53980658,41.22688677,47.7202255,39.54043243,41.22746116,47.72013312,39.54034056,41.22737183,47.71841875,39.53841136,41.22567569,47.71921737,39.5392312,41.22677694,47.71860686,39.53862059,41.22609057,47.72052477,39.54073505,41.22778986,47.71878913,39.5389477,41.22529083,47.71894245,39.53910682,41.22553102
63900,47.67604744,39.49629729,41.18937585,47.67643238,39.49667556,41.18974469,47.67706733,39.49730748,41.19032648,47.67697435,39.49721499,41.19023643,47.67524773,39.49527328,41.18852683,47.6760498,39.49609644,41.18962884,47.67543606,39.49548266,41.1889404,47.67736925,39.49761279,41.19066038,47.67562617,39.49581844,41.18816547,47.67578042,39.49597844,41.18840513
64800,47.71877791,39.56251661,41.24798026,47.71915202,39.56288559,41.2483433,47.71979941,39.56352913,41.24893952,47.71970767,39.56343779,41.24885001,47.71802692,39.56157194,41.24717178,47.71881265,39.56237676,41.24823407,47.71821245,39.56177563,41.24756044,47.72008958,39.56382275,41.24925866,47.71839758,39.56208508,41.24688727,47.71854782,39.56224057,41.24711759
65700,47.68445491,39.52849843,41.2226316,47.68483147,39.52886985,41.2229969,47.68548412,39.52951878,41.22359852,47.68539196,39.529427,41.2235086,47.68370389,39.5275539,41.22182388,47.68449164,39.52836061,41.22288481,47.6838889,39.52775697,41.22220959,47.68577331,39.52981127,41.22391519,47.6840711,39.5280634,41.22153653,47.68422249,39.52822001,41.22176714
66600,47.65028024,39.4946105,41.19668471,47.65065956,39.49498468,41.19705302,47.65131826,39.49563985,41.19766216,47.6512256,39.49554757,41.19757167,47.64952934,39.49366628,41.19587836,47.65031883,39.49447457,41.19693729,47.6497139,39.49386881,41.19626139,47.65160852,39.49593339,41.19798164,47.64990054,39.49418013,41.19560728,47.65005257,39.49433733,41.19583689
67500,47.6161447,39.46073607,41.16991035,47.61652676,39.46111301,41.17028158,47.61719137,39.46177425,41.17089785,47.61709823,39.46168149,41.17080682,47.61539374,39.45979199,41.16910508,47.61618524,39.46060214,41.17016287,47.61557803,39.45999416,41.16948603,47.61748274,39.4620689,41.17122005,47.61576857,39.4603098,41.16884839,47.6159213,39.46046764,41.16907725
68400,47.57901375,39.42430465,41.14912007,47.57939868,39.42468445,41.14949433,47.58006955,39.42535211,41.15011798,47.57997591,39.42525884,41.15002639,47.57826305,39.42336046,41.14831605,47.57905714,39.424173,41.14937357,47.57844755,39.42356274,41.14869583,47.58036274,39.42564862,41.15044465,47.57864276,39.42388435,41.1480785,47.57879624,39.42404285,41.14830652
69300,47.54492936,39.39042603,41.12113758,47.54531706,39.39080859,41.12151473,47.54599361,39.39148209,41.12214512,47.5458995,39.39138833,41.12205299,47.54417818,39.38948153,41.12033415,47.54497459,39.39029626,41.12139149,47.54436266,39.38968371,41.12071256,47.54628824,39.39178004,41.12247476,47.5445619,39.39000976,41.12010993,47.54471613,39.39016895,41.12033748
70200,47.5109205,39.35660323,41.09257815,47.51131097,39.35698857,41.09295819,47.51199313,39.35766783,41.09359516,47.51189854,39.35757359,41.09350251,47.51016868,39.35565826,41.09177511,47.51096754,39.35647532,41.09283273,47.51035325,39.35586048,41.09215251,47.51228937,39.3579674,41.09392802,47.51055659,39.35619101,41.09156395,47.51071157,39.35635091,41.09179111
71100,47.47699061,39.32284101,41.06350753,47.47738389,39.32322915,41.0638905,47.47807163,39.32391415,41.06453405,47.47797656,39.32381943,41.06444088,47.476238,39.32189541,41.0627047,47.47703944,39.32271494,41.06376298,47.47642278,39.32209778,41.06308142,47.47836976,39.32421563,41.06487063,47.47663126,39.32243393,41.06250893,47.47678699,39.32259452,41.06273574
72000,47.2941708,39.0916829,40.8943397,47.29459872,39.09210262,40.89475035,47.29527834,39.09278124,40.89539053,47.29517861,39.09268208,40.89529347,47.29330333,39.09055943,40.89343925,47.29415246,39.09143064,40.89459123,47.29349933,39.09077912,40.89387422,47.29562316,39.09313072,40.89580112,47.29381494,39.09127318,40.89332681,47.29397946,39.09144326,40.89356755
72900,47.24447424,39.04159112,40.84200526,47.2449068,39.04201551,40.84242081,47.24559159,39.04269928,40.84306621,47.24549114,39.04259938,40.84296837,47.24359817,39.04045857,40.84109558,47.24445464,39.04133718,40.84225675,47.24379673,39.04068087,40.84153488,47.24594276,39.04305532,40.84348676,47.24412203,39.04118539,40.84100016,47.24428811,39.04135702,40.84124237
73800,47.19513435,38.99187238,40.79017762,47.19557153,38.99230142,40.79059803,47.19626151,38.99299036,40.79124865,47.19616032,38.99288973,40.79115003,47.19424982,38.99073091,40.78925886,47.19511355,38.99161685,40.79042899,47.19445086,38.99095576,40.78970225,47.19661885,38.99335276,40.7916786,47.19478553,38.99147035,40.78917952,47.1949532,38.99164355,40.78942324
74700,47.1461422,38.9425168,40.73883596,47.14658397,38.94295046,40.73926117,47.14727915,38.94364459,40.73991702,47.14717724,38.94354322,40.73981764,47.14524934,38.94136655,40.73790827,47.14612027,38.94225975,40.73908714,47.14545282,38.94159389,40.73835554,47.14764252,38.94401318,40.74035587,47.14579655,38.94211823,40.73784417,47.14596582,38.94229301,40.73808942
75600,46.98280702,38.75141983,40.54851423,46.98327407,38.75187719,40.54896115,46.9839658,38.7525666,40.54961484,46.98386032,38.75246184,40.54951232,46.98183178,38.75015261,40.54750951,46.98274001,38.75108673,40.54875499,46.98204417,38.75039303,40.54799242,46.98435813,38.75296613,40.55009056,46.98245348,38.7510061,40.54748258,46.98263101,38.75118995,40.5477418
76500,46.92499039,38.69288745,40.48534337,46.92546281,38.69335021,40.48579586,46.92615993,38.69404487,40.48645451,46.92605361,38.69393926,40.48635111,46.92400405,38.69160858,40.48432634,46.92492147,38.69255202,40.48558377,46.92421989,38.69185257,40.4848152,46.92656042,38.69445287,40.48694277,46.92463877,38.69247574,40.48431365,46.92481819,38.69266146,40.48457486
77400,46.86764741,38.63486039,40.42297338,46.86812515,38.6353285,40.42343141,46.8688277,38.63602852,40.42409506,46.86872054,38.63592207,40.4239908,46.86665014,38.63357023,40.42194429,46.86757664,38.63452285,40.42321335,46.86686934,38.63381767,40.42243878,46.86923604,38.63644461,40.424595,46.8672973,38.63445036,40.42194473,46.86747863,38.63463798,40.42220797
78300,47.36128816,39.08600335,40.75474269,47.36117331,39.08588283,40.75467326,47.36098544,39.08570315,40.75454423,47.36107611,39.08579275,40.75461562,47.36156557,39.08593699,40.75484751,47.36131454,39.08571951,40.75508281,47.36149723,39.08589889,40.75510748,47.3609213,39.08565098,40.75468094,47.36155297,39.08621306,40.75433984,47.36153336,39.08620022,40.75441635
79200,47.14363657,38.79670091,40.46715225,47.14355938,38.79661369,40.46710111,47.14333633,38.79640028,40.46692081,47.14342725,38.79649021,40.46699659,47.14376449,38.79641097,40.46713676,47.14357428,38.79626224,40.46749989,47.14371556,38.79640281,40.46749045,47.14334209,38.79642097,40.4671449,47.14389811,38.7968937,40.46663929,47.14389019,38.79689416,40.46674141
80100,47.13105443,38.78147158,40.43908073,47.13098134,38.7813883,40.43902988,47.13076027,38.78117597,40.43884359,47.13085093,38.78126573,40.43892059,47.13117002,38.78116731,40.43905927,47.1309851,38.78102388,40.43941458,47.13112289,38.78116118,40.43940892,47.13077441,38.78120549,40.43907457,47.13132292,38.78167095,40.43858758,47.131316,38.7816724,40.43868815
81000,47.11964804,38.76752052,40.41320251,47.11957929,38.76744141,40.41315261,47.11936063,38.7672306,40.41296167,47.11945097,38.76732012,40.41303963,47.11975089,38.76720166,40.41317387,47.11957209,38.76706433,40.41352444,47.11970589,38.76719784,40.41352098,47.11938303,38.76726878,40.4131994,47.11992189,38.7677248,40.41272357,47.11991617,38.76772745,40.4128233
81900,47.10937326,38.75480287,40.3893576,47.10930904,38.75472814,40.38930916,47.10909305,38.75451916,40.38911444,47.10918299,38.75460837,40.38919318,47.10946289,38.75446927,40.38932074,47.10929081,38.7543386,40.38966872,47.10942024,38.75446796,40.38966629,47.10912358,38.75456582,40.38935867,47.10965154,38.75501123,40.38888962,47.10964718,38.75501524,40.38898907
82800,46.66591309,38.16050851,39.84854688,46.66591756,38.160495,39.84855057,46.66559549,38.1601919,39.84824435,46.66568414,38.16028005,39.84832491,46.66563995,38.15977378,39.84814837,46.665592,38.15977782,39.84873625,46.66564351,38.1598349,39.8486502,46.66576698,38.16037957,39.84866437,46.66613995,38.16065438,39.84787837,46.66615973,38.16068463,39.8480251
83700,46.63340349,38.12507797,39.79819669,46.63341452,38.12507085,39.7982054,46.63309893,38.12477184,39.79790001,46.63318664,38.12485911,39.79798037,46.63311556,38.12434928,39.79778011,46.63307834,38.12436557,39.79837102,46.63312316,38.12441574,39.79828218,46.63328388,38.12497529,39.79833682,46.63363591,38.12522602,39.79754121,46.63365745,38.12525832,39.79768778
84600,46.60183928,38.09057604,39.74977809,46.601857,38.09057551,39.74979206,46.60154836,38.09028216,39.74948824,46.6016351,38.09036852,39.74956831,46.60153434,38.08983078,39.74934335,46.60150824,38.08985917,39.749938,46.60154605,38.08990227,39.74984574,46.60174599,38.09049936,39.74994006,46.60207567,38.09072634,39.74913193,46.60209912,38.09076067,39.74927864
85500,46.57119584,38.05712675,39.70311583,46.5712204,38.05713295,39.70313531,46.57091902,38.0568462,39.70283423,46.57100474,38.05693162,39.70291384,46.57087198,38.05634524,39.70266313,46.57085659,38.05638472,39.70326898,46.57088728,38.05642077,39.70317133,46.57112852,38.05707577,39.7033021,46.57143595,38.05727965,39.70246553,46.57146129,38.05731593,39.70261419
86400,47.03480038,38.61356161,40.1789982,47.03481382,38.61355821,40.17900616,47.03461155,38.61335843,40.17879059,47.03469183,38.61343908,40.17886571,47.03463399,38.61289386,40.17873255,47.03458949,38.61288839,40.17920335,47.03463122,38.61293672,40.17913953,47.03476674,38.61352871,40.17918183,47.03508099,38.61376675,40.17852471,47.03509998,38.61379353,40.17864431
